Player,Team,Nation,Pos,Age,MP,Starts,Min,90s,Gls,Ast,G-PK,PK,PKatt,CrdY,CrdR,Gls.1,Ast.1,G+A,G-PK.1,G+A-PK,xG,npxG,xA,npxG+xA,xG.1,xA.1,xG+xA,npxG.1,npxG+xA.1
Bukayo Saka,Arsenal,ENG,"FW,MF",19.0,38,36,"2,978",33.1,11.0,7.0,9.0,2.0,2.0,6.0,0.0,0.33,0.21,0.54,0.27,0.48,9.7,8.2,6.9,15.2,0.29,0.21,0.5,0.25,0.46
Gabriel Dos Santos,Arsenal,BRA,DF,23.0,35,35,"3,063",34.0,5.0,0.0,5.0,0.0,0.0,8.0,1.0,0.15,0.0,0.15,0.15,0.15,2.7,2.7,0.8,3.5,0.08,0.02,0.1,0.08,0.1
Aaron Ramsdale,Arsenal,ENG,GK,23.0,34,34,"3,060",34.0,0.0,0.0,0.0,0.0,0.0,1.0,0.0,0.0,0.0,0.0,0.0,0.0,0.0,0.0,0.0,0.0,0.0,0.0,0.0,0.0,0.0
Ben White,Arsenal,ENG,DF,23.0,32,32,"2,880",32.0,0.0,0.0,0.0,0.0,0.0,3.0,0.0,0.0,0.0,0.0,0.0,0.0,1.0,1.0,0.6,1.6,0.03,0.02,0.05,0.03,0.05
Martin Ødegaard,Arsenal,NOR,MF,22.0,36,32,"2,785",30.9,7.0,4.0,7.0,0.0,0.0,4.0,0.0,0.23,0.13,0.36,0.23,0.36,4.8,4.8,6.8,11.6,0.16,0.22,0.38,0.16,0.38
Granit Xhaka,Arsenal,SUI,"MF,DF",28.0,27,27,"2,327",25.9,1.0,2.0,1.0,0.0,0.0,10.0,1.0,0.04,0.08,0.12,0.04,0.12,1.2,1.2,2.3,3.5,0.05,0.09,0.14,0.05,0.14
Thomas Partey,Arsenal,GHA,MF,28.0,24,23,"2,028",22.5,2.0,1.0,2.0,0.0,0.0,6.0,0.0,0.09,0.04,0.13,0.09,0.13,2.5,2.5,1.3,3.8,0.11,0.06,0.17,0.11,0.17
Kieran Tierney,Arsenal,SCO,DF,24.0,22,22,"1,915",21.3,1.0,3.0,1.0,0.0,0.0,0.0,0.0,0.05,0.14,0.19,0.05,0.19,0.7,0.7,1.9,2.6,0.03,0.09,0.12,0.03,0.12
Emile Smith Rowe,Arsenal,ENG,"MF,FW",21.0,33,21,"1,921",21.3,10.0,2.0,10.0,0.0,0.0,1.0,0.0,0.47,0.09,0.56,0.47,0.56,5.8,5.8,2.2,8.0,0.27,0.1,0.37,0.27,0.37
Martinelli,Arsenal,BRA,"FW,MF",20.0,29,21,"1,860",20.7,6.0,6.0,5.0,1.0,1.0,3.0,1.0,0.29,0.29,0.58,0.24,0.53,7.2,6.5,3.3,9.8,0.35,0.16,0.51,0.31,0.47
Alexandre Lacazette,Arsenal,FRA,"FW,MF",30.0,30,20,"1,782",19.8,4.0,7.0,2.0,2.0,3.0,0.0,0.0,0.2,0.35,0.56,0.1,0.45,7.9,5.6,1.9,7.6,0.4,0.1,0.5,0.28,0.38
Takehiro Tomiyasu,Arsenal,JPN,DF,22.0,21,20,"1,679",18.7,0.0,1.0,0.0,0.0,0.0,2.0,0.0,0.0,0.05,0.05,0.0,0.05,0.8,0.8,0.6,1.4,0.04,0.03,0.08,0.04,0.08
Cédric Soares,Arsenal,POR,DF,29.0,21,16,"1,486",16.5,1.0,1.0,1.0,0.0,0.0,3.0,0.0,0.06,0.06,0.12,0.06,0.12,0.5,0.5,1.4,2.0,0.03,0.09,0.12,0.03,0.12
Nuno Tavares,Arsenal,POR,DF,21.0,22,13,"1,176",13.1,1.0,1.0,1.0,0.0,0.0,2.0,0.0,0.08,0.08,0.15,0.08,0.15,1.5,1.5,1.0,2.5,0.11,0.08,0.19,0.11,0.19
Albert Sambi Lokonga,Arsenal,BEL,MF,21.0,19,12,"1,134",12.6,0.0,0.0,0.0,0.0,0.0,5.0,0.0,0.0,0.0,0.0,0.0,0.0,0.6,0.6,0.8,1.4,0.05,0.06,0.11,0.05,0.11
Pierre-Emerick Aubameyang,Arsenal,GAB,FW,32.0,14,12,"1,037",11.5,4.0,1.0,4.0,0.0,2.0,3.0,0.0,0.35,0.09,0.43,0.35,0.43,5.8,4.1,0.8,5.0,0.5,0.07,0.57,0.36,0.43
Rob Holding,Arsenal,ENG,DF,25.0,15,9,845,9.4,1.0,0.0,1.0,0.0,0.0,4.0,1.0,0.11,0.0,0.11,0.11,0.11,0.3,0.3,0.0,0.3,0.03,0.0,0.03,0.03,0.03
Eddie Nketiah,Arsenal,ENG,FW,22.0,21,8,835,9.3,5.0,1.0,5.0,0.0,0.0,3.0,0.0,0.54,0.11,0.65,0.54,0.65,4.6,4.6,1.4,6.1,0.5,0.16,0.65,0.5,0.65
Mohamed Elneny,Arsenal,EGY,MF,29.0,14,8,806,9.0,0.0,2.0,0.0,0.0,0.0,1.0,0.0,0.0,0.22,0.22,0.0,0.22,0.2,0.2,0.6,0.7,0.02,0.06,0.08,0.02,0.08
Nicolas Pépé,Arsenal,CIV,"FW,MF",26.0,20,5,696,7.7,1.0,2.0,1.0,0.0,0.0,0.0,0.0,0.13,0.26,0.39,0.13,0.39,2.9,2.9,1.7,4.6,0.38,0.22,0.6,0.38,0.6
Bernd Leno,Arsenal,GER,GK,29.0,4,4,360,4.0,0.0,0.0,0.0,0.0,0.0,0.0,0.0,0.0,0.0,0.0,0.0,0.0,0.0,0.0,0.0,0.0,0.0,0.0,0.0,0.0,0.0
Ainsley Maitland-Niles,Arsenal,ENG,MF,23.0,8,2,268,3.0,0.0,0.0,0.0,0.0,0.0,0.0,0.0,0.0,0.0,0.0,0.0,0.0,0.0,0.0,0.3,0.4,0.01,0.12,0.13,0.01,0.13
Pablo Marí,Arsenal,ESP,DF,27.0,2,2,180,2.0,0.0,0.0,0.0,0.0,0.0,1.0,0.0,0.0,0.0,0.0,0.0,0.0,0.3,0.3,0.1,0.4,0.15,0.05,0.21,0.15,0.21
Calum Chambers,Arsenal,ENG,DF,26.0,2,2,170,1.9,0.0,0.0,0.0,0.0,0.0,0.0,0.0,0.0,0.0,0.0,0.0,0.0,0.1,0.1,0.1,0.1,0.05,0.03,0.07,0.05,0.07
Sead Kolašinac,Arsenal,BIH,DF,28.0,2,1,91,1.0,0.0,0.0,0.0,0.0,0.0,1.0,0.0,0.0,0.0,0.0,0.0,0.0,0.0,0.0,0.0,0.0,0.0,0.0,0.0,0.0,0.0
Folarin Balogun,Arsenal,ENG,FW,20.0,2,1,70,0.8,0.0,0.0,0.0,0.0,0.0,0.0,0.0,0.0,0.0,0.0,0.0,0.0,0.3,0.3,0.0,0.3,0.35,0.0,0.35,0.35,0.35
Reiss Nelson,Arsenal,ENG,FW,21.0,1,0,20,0.2,0.0,0.0,0.0,0.0,0.0,0.0,0.0,0.0,0.0,0.0,0.0,0.0,0.0,0.0,0.0,0.1,0.16,0.18,0.35,0.16,0.35
Matty Cash,Aston Villa,POL,DF,23.0,38,38,"3,377",37.5,4.0,3.0,4.0,0.0,0.0,8.0,0.0,0.11,0.08,0.19,0.11,0.19,2.4,2.4,1.9,4.4,0.07,0.05,0.12,0.07,0.12
Emiliano Martínez,Aston Villa,ARG,GK,28.0,36,36,"3,240",36.0,0.0,0.0,0.0,0.0,0.0,4.0,0.0,0.0,0.0,0.0,0.0,0.0,0.0,0.0,0.0,0.0,0.0,0.0,0.0,0.0,0.0
Tyrone Mings,Aston Villa,ENG,DF,28.0,36,35,"3,189",35.4,1.0,3.0,1.0,0.0,0.0,11.0,0.0,0.03,0.08,0.11,0.03,0.11,1.4,1.4,1.5,2.9,0.04,0.04,0.08,0.04,0.08
John McGinn,Aston Villa,SCO,MF,26.0,35,35,"3,090",34.3,3.0,4.0,3.0,0.0,0.0,8.0,0.0,0.09,0.12,0.2,0.09,0.2,1.5,1.5,4.9,6.4,0.04,0.14,0.19,0.04,0.19
Ollie Watkins,Aston Villa,ENG,FW,25.0,35,33,"2,952",32.8,11.0,2.0,10.0,1.0,1.0,7.0,0.0,0.34,0.06,0.4,0.3,0.37,12.2,11.4,2.9,14.3,0.37,0.09,0.46,0.35,0.44
Douglas Luiz,Aston Villa,BRA,MF,23.0,34,31,"2,715",30.2,2.0,3.0,2.0,0.0,0.0,7.0,0.0,0.07,0.1,0.17,0.07,0.17,2.0,2.0,2.5,4.5,0.07,0.08,0.15,0.07,0.15
Ezri Konsa,Aston Villa,ENG,DF,23.0,29,29,"2,477",27.5,2.0,0.0,2.0,0.0,0.0,6.0,2.0,0.07,0.0,0.07,0.07,0.07,1.5,1.5,0.3,1.7,0.05,0.01,0.06,0.05,0.06
Jacob Ramsey,Aston Villa,ENG,MF,20.0,34,29,"2,467",27.4,6.0,1.0,6.0,0.0,0.0,6.0,0.0,0.22,0.04,0.26,0.22,0.26,3.8,3.8,2.0,5.8,0.14,0.07,0.21,0.14,0.21
Emi Buendía,Aston Villa,ARG,"FW,MF",24.0,35,22,"1,899",21.1,4.0,6.0,4.0,0.0,0.0,1.0,0.0,0.19,0.28,0.47,0.19,0.47,3.1,3.1,5.5,8.6,0.14,0.26,0.41,0.14,0.41
Danny Ings,Aston Villa,ENG,FW,29.0,30,22,"1,898",21.1,7.0,6.0,6.0,1.0,1.0,4.0,0.0,0.33,0.28,0.62,0.28,0.57,7.3,6.6,2.0,8.6,0.35,0.1,0.44,0.31,0.41
Matt Targett,Aston Villa,ENG,DF,25.0,17,17,"1,431",15.9,1.0,1.0,1.0,0.0,0.0,2.0,0.0,0.06,0.06,0.13,0.06,0.13,0.5,0.5,2.2,2.7,0.03,0.14,0.17,0.03,0.17
Philippe Coutinho,Aston Villa,BRA,"MF,FW",29.0,19,16,"1,329",14.8,5.0,3.0,5.0,0.0,0.0,0.0,0.0,0.34,0.2,0.54,0.34,0.54,3.7,3.7,3.2,6.9,0.25,0.22,0.47,0.25,0.47
Lucas Digne,Aston Villa,FRA,DF,28.0,16,16,"1,269",14.1,0.0,4.0,0.0,0.0,0.0,2.0,0.0,0.0,0.28,0.28,0.0,0.28,0.6,0.6,2.0,2.6,0.04,0.14,0.18,0.04,0.18
Ashley Young,Aston Villa,ENG,"DF,FW",36.0,24,10,"1,250",13.9,0.0,2.0,0.0,0.0,0.0,2.0,0.0,0.0,0.14,0.14,0.0,0.14,0.4,0.4,0.7,1.1,0.03,0.05,0.08,0.03,0.08
Marvelous Nakamba,Aston Villa,ZIM,MF,27.0,16,10,904,10.0,0.0,0.0,0.0,0.0,0.0,5.0,0.0,0.0,0.0,0.0,0.0,0.0,0.0,0.0,0.1,0.1,0.0,0.01,0.01,0.0,0.01
Calum Chambers,Aston Villa,ENG,DF,26.0,11,9,831,9.2,1.0,0.0,1.0,0.0,0.0,1.0,0.0,0.11,0.0,0.11,0.11,0.11,0.2,0.2,0.1,0.4,0.02,0.01,0.04,0.02,0.04
Leon Bailey,Aston Villa,JAM,"FW,MF",23.0,18,7,761,8.5,1.0,2.0,1.0,0.0,0.0,3.0,0.0,0.12,0.24,0.35,0.12,0.35,1.6,1.6,0.6,2.2,0.19,0.07,0.26,0.19,0.26
Axel Tuanzebe,Aston Villa,ENG,DF,23.0,9,6,508,5.6,0.0,0.0,0.0,0.0,0.0,1.0,0.0,0.0,0.0,0.0,0.0,0.0,0.2,0.2,0.0,0.2,0.03,0.0,0.03,0.03,0.03
Kortney Hause,Aston Villa,ENG,DF,26.0,7,4,397,4.4,1.0,0.0,1.0,0.0,0.0,0.0,0.0,0.23,0.0,0.23,0.23,0.23,0.1,0.1,0.0,0.1,0.02,0.0,0.02,0.02,0.02
Anwar El Ghazi,Aston Villa,NED,"FW,MF",26.0,9,4,386,4.3,1.0,1.0,0.0,1.0,1.0,2.0,0.0,0.23,0.23,0.47,0.0,0.23,1.1,0.3,0.4,0.7,0.25,0.09,0.33,0.07,0.16
Morgan Sanson,Aston Villa,FRA,MF,26.0,10,3,356,4.0,0.0,0.0,0.0,0.0,0.0,0.0,0.0,0.0,0.0,0.0,0.0,0.0,0.0,0.0,0.0,0.0,0.0,0.0,0.01,0.0,0.01
Carney Chukwuemeka,Aston Villa,ENG,"MF,FW",17.0,12,2,301,3.3,0.0,1.0,0.0,0.0,0.0,0.0,0.0,0.0,0.3,0.3,0.0,0.3,0.6,0.6,1.0,1.5,0.17,0.29,0.46,0.17,0.46
Bertrand Traoré,Aston Villa,BFA,"MF,FW",25.0,9,1,220,2.4,0.0,0.0,0.0,0.0,0.0,0.0,0.0,0.0,0.0,0.0,0.0,0.0,0.3,0.3,0.0,0.3,0.13,0.0,0.13,0.13,0.13
Tim Iroegbunam,Aston Villa,ENG,MF,18.0,3,1,92,1.0,0.0,0.0,0.0,0.0,0.0,1.0,0.0,0.0,0.0,0.0,0.0,0.0,0.1,0.1,0.0,0.1,0.13,0.0,0.13,0.13,0.13
Robin Olsen,Aston Villa,SWE,GK,31.0,1,1,90,1.0,0.0,0.0,0.0,0.0,0.0,0.0,0.0,0.0,0.0,0.0,0.0,0.0,0.0,0.0,0.0,0.0,0.0,0.0,0.0,0.0,0.0
Jed Steer,Aston Villa,ENG,GK,28.0,1,1,90,1.0,0.0,0.0,0.0,0.0,0.0,0.0,0.0,0.0,0.0,0.0,0.0,0.0,0.0,0.0,0.0,0.0,0.0,0.0,0.0,0.0,0.0
Cameron Archer,Aston Villa,ENG,"MF,FW",19.0,3,0,27,0.3,0.0,0.0,0.0,0.0,0.0,0.0,0.0,0.0,0.0,0.0,0.0,0.0,0.0,0.0,0.0,0.0,0.07,0.0,0.07,0.07,0.07
Keinan Davis,Aston Villa,ENG,FW,23.0,1,0,12,0.1,0.0,0.0,0.0,0.0,0.0,0.0,0.0,0.0,0.0,0.0,0.0,0.0,0.0,0.0,0.0,0.0,0.0,0.0,0.0,0.0,0.0
Trézéguet,Aston Villa,EGY,FW,26.0,1,0,11,0.1,0.0,0.0,0.0,0.0,0.0,0.0,0.0,0.0,0.0,0.0,0.0,0.0,0.1,0.1,0.0,0.1,0.51,0.0,0.51,0.51,0.51
Jaden Philogene Bidace,Aston Villa,ENG,FW,19.0,1,0,5,0.1,0.0,0.0,0.0,0.0,0.0,0.0,0.0,0.0,0.0,0.0,0.0,0.0,0.0,0.0,0.0,0.0,0.0,0.0,0.0,0.0,0.0
Wesley Moraes,Aston Villa,BRA,FW,24.0,1,0,1,0.0,0.0,0.0,0.0,0.0,0.0,0.0,0.0,0.0,0.0,0.0,0.0,0.0,0.0,0.0,0.0,0.0,0.0,0.0,0.0,0.0,0.0
Pontus Jansson,Brentford,SWE,DF,30.0,37,37,"3,321",36.9,3.0,1.0,3.0,0.0,0.0,7.0,0.0,0.08,0.03,0.11,0.08,0.11,2.9,2.9,0.5,3.4,0.08,0.01,0.09,0.08,0.09
Christian Nørgaard,Brentford,DEN,MF,27.0,35,35,"3,054",33.9,3.0,4.0,3.0,0.0,0.0,8.0,0.0,0.09,0.12,0.21,0.09,0.21,3.2,3.2,3.1,6.3,0.09,0.09,0.19,0.09,0.19
Bryan Mbeumo,Brentford,FRA,FW,21.0,35,34,"2,905",32.3,4.0,7.0,3.0,1.0,1.0,4.0,0.0,0.12,0.22,0.34,0.09,0.31,9.7,9.0,3.6,12.5,0.3,0.11,0.41,0.28,0.39
Rico Henry,Brentford,ENG,DF,24.0,34,33,"2,776",30.8,3.0,0.0,3.0,0.0,0.0,2.0,0.0,0.1,0.0,0.1,0.1,0.1,1.8,1.8,1.7,3.5,0.06,0.06,0.11,0.06,0.11
Ivan Toney,Brentford,ENG,FW,25.0,33,32,"2,909",32.3,12.0,5.0,7.0,5.0,5.0,8.0,0.0,0.37,0.15,0.53,0.22,0.37,12.0,8.2,5.8,14.0,0.37,0.18,0.55,0.25,0.43
Ethan Pinnock,Brentford,JAM,DF,28.0,32,32,"2,694",29.9,1.0,1.0,1.0,0.0,0.0,1.0,0.0,0.03,0.03,0.07,0.03,0.07,1.5,1.5,1.2,2.8,0.05,0.04,0.09,0.05,0.09
Vitaly Janelt,Brentford,GER,MF,23.0,31,27,"2,298",25.5,4.0,0.0,4.0,0.0,0.0,3.0,0.0,0.16,0.0,0.16,0.16,0.16,2.6,2.6,2.2,4.8,0.1,0.09,0.19,0.1,0.19
Sergi Canós,Brentford,ESP,DF,24.0,31,25,"2,083",23.1,3.0,2.0,3.0,0.0,0.0,8.0,1.0,0.13,0.09,0.22,0.13,0.22,3.0,3.0,1.9,4.9,0.13,0.08,0.21,0.13,0.21
David Raya,Brentford,ESP,GK,25.0,24,24,"2,160",24.0,0.0,0.0,0.0,0.0,0.0,1.0,0.0,0.0,0.0,0.0,0.0,0.0,0.0,0.0,0.0,0.0,0.0,0.0,0.0,0.0,0.0
Kristoffer Ajer,Brentford,NOR,DF,23.0,24,23,"1,995",22.2,1.0,3.0,1.0,0.0,0.0,5.0,0.0,0.05,0.14,0.18,0.05,0.18,0.8,0.8,1.4,2.2,0.04,0.06,0.1,0.04,0.1
Mathias Jensen,Brentford,DEN,MF,25.0,31,19,"1,601",17.8,0.0,1.0,0.0,0.0,0.0,0.0,0.0,0.0,0.06,0.06,0.0,0.06,2.5,2.5,3.6,6.1,0.14,0.2,0.34,0.14,0.34
Yoane Wissa,Brentford,COD,"FW,MF",24.0,30,12,"1,284",14.3,7.0,1.0,7.0,0.0,0.0,0.0,0.0,0.49,0.07,0.56,0.49,0.56,3.7,3.7,0.7,4.4,0.26,0.05,0.31,0.26,0.31
Mads Roerslev,Brentford,DEN,DF,22.0,21,12,"1,240",13.8,1.0,1.0,1.0,0.0,0.0,1.0,0.0,0.07,0.07,0.15,0.07,0.15,0.3,0.3,0.9,1.2,0.02,0.06,0.08,0.02,0.08
Álvaro Fernández,Brentford,ESP,GK,23.0,12,12,"1,080",12.0,0.0,0.0,0.0,0.0,0.0,0.0,0.0,0.0,0.0,0.0,0.0,0.0,0.0,0.0,0.0,0.0,0.0,0.0,0.0,0.0,0.0
Frank Onyeka,Brentford,NGA,MF,23.0,20,12,"1,045",11.6,0.0,0.0,0.0,0.0,0.0,4.0,0.0,0.0,0.0,0.0,0.0,0.0,1.1,1.1,0.2,1.3,0.1,0.02,0.11,0.1,0.11
Christian Eriksen,Brentford,DEN,MF,29.0,11,10,939,10.4,1.0,4.0,1.0,0.0,0.0,1.0,0.0,0.1,0.38,0.48,0.1,0.48,1.4,1.4,3.6,5.0,0.14,0.34,0.48,0.14,0.48
Shandon Baptiste,Brentford,GRN,MF,23.0,22,9,910,10.1,1.0,1.0,1.0,0.0,0.0,2.0,1.0,0.1,0.1,0.2,0.1,0.2,0.7,0.7,0.5,1.2,0.07,0.05,0.12,0.07,0.12
Mads Bech Sørensen,Brentford,DEN,DF,22.0,11,9,835,9.3,0.0,0.0,0.0,0.0,0.0,3.0,0.0,0.0,0.0,0.0,0.0,0.0,0.1,0.1,0.4,0.5,0.01,0.04,0.05,0.01,0.05
Mathias Jørgensen,Brentford,DEN,DF,31.0,8,6,518,5.8,1.0,0.0,1.0,0.0,0.0,2.0,0.0,0.17,0.0,0.17,0.17,0.17,0.1,0.1,0.1,0.2,0.02,0.02,0.03,0.02,0.03
Saman Ghoddos,Brentford,IRN,"DF,MF",27.0,17,4,536,6.0,1.0,1.0,1.0,0.0,0.0,2.0,0.0,0.17,0.17,0.34,0.17,0.34,0.6,0.6,1.2,1.9,0.11,0.21,0.32,0.11,0.32
Charlie Goode,Brentford,ENG,DF,25.0,6,4,450,5.0,0.0,0.0,0.0,0.0,0.0,3.0,0.0,0.0,0.0,0.0,0.0,0.0,0.1,0.1,0.3,0.5,0.03,0.07,0.1,0.03,0.1
Josh Dasilva,Brentford,ENG,"MF,FW",22.0,9,2,257,2.9,0.0,0.0,0.0,0.0,0.0,0.0,1.0,0.0,0.0,0.0,0.0,0.0,0.0,0.0,0.1,0.2,0.02,0.04,0.05,0.02,0.05
Jonas Lössl,Brentford,DEN,GK,32.0,2,2,180,2.0,0.0,0.0,0.0,0.0,0.0,0.0,0.0,0.0,0.0,0.0,0.0,0.0,0.0,0.0,0.0,0.0,0.0,0.0,0.0,0.0,0.0
Dominic Thompson,Brentford,ENG,DF,21.0,2,2,146,1.6,0.0,0.0,0.0,0.0,0.0,0.0,0.0,0.0,0.0,0.0,0.0,0.0,0.0,0.0,0.0,0.0,0.01,0.0,0.01,0.01,0.01
Marcus Forss,Brentford,FIN,"FW,MF",22.0,7,1,209,2.3,0.0,1.0,0.0,0.0,0.0,0.0,0.0,0.0,0.43,0.43,0.0,0.43,0.2,0.2,0.0,0.2,0.1,0.0,0.1,0.1,0.1
Mads Bidstrup,Brentford,DEN,MF,20.0,4,0,41,0.5,0.0,0.0,0.0,0.0,0.0,0.0,0.0,0.0,0.0,0.0,0.0,0.0,0.0,0.0,0.0,0.0,0.0,0.0,0.0,0.0,0.0
Tariqe Fosu,Brentford,GHA,DF,25.0,1,0,17,0.2,0.0,0.0,0.0,0.0,0.0,0.0,0.0,0.0,0.0,0.0,0.0,0.0,0.0,0.0,0.0,0.0,0.16,0.0,0.16,0.16,0.16
Finley Stevens,Brentford,WAL,DF,18.0,1,0,15,0.2,0.0,0.0,0.0,0.0,0.0,0.0,0.0,0.0,0.0,0.0,0.0,0.0,0.0,0.0,0.0,0.0,0.0,0.25,0.25,0.0,0.25
Nathan Young-Coombes,Brentford,ENG,FW,18.0,1,0,4,0.0,0.0,0.0,0.0,0.0,0.0,0.0,0.0,0.0,0.0,0.0,0.0,0.0,0.0,0.0,0.0,0.0,0.0,0.0,0.0,0.0,0.0
Robert Sánchez,Brighton & Hove Albion,ESP,GK,23.0,37,37,"3,329",37.0,0.0,0.0,0.0,0.0,0.0,3.0,1.0,0.0,0.0,0.0,0.0,0.0,0.0,0.0,0.4,0.4,0.0,0.01,0.01,0.0,0.01
Marc Cucurella,Brighton & Hove Albion,ESP,DF,23.0,35,35,"3,089",34.3,1.0,1.0,1.0,0.0,0.0,6.0,0.0,0.03,0.03,0.06,0.03,0.06,0.7,0.7,2.7,3.4,0.02,0.08,0.1,0.02,0.1
Joël Veltman,Brighton & Hove Albion,NED,DF,29.0,34,33,"2,874",31.9,1.0,1.0,1.0,0.0,0.0,6.0,0.0,0.03,0.03,0.06,0.03,0.06,0.9,0.9,1.1,2.0,0.03,0.03,0.06,0.03,0.06
Leandro Trossard,Brighton & Hove Albion,BEL,"FW,MF",26.0,34,32,"2,805",31.2,8.0,3.0,7.0,1.0,1.0,2.0,0.0,0.26,0.1,0.35,0.22,0.32,6.8,6.0,4.1,10.1,0.22,0.13,0.35,0.19,0.32
Lewis Dunk,Brighton & Hove Albion,ENG,DF,29.0,29,29,"2,573",28.6,1.0,0.0,1.0,0.0,0.0,3.0,1.0,0.03,0.0,0.03,0.03,0.03,1.2,1.2,0.2,1.4,0.04,0.01,0.05,0.04,0.05
Neal Maupay,Brighton & Hove Albion,FRA,FW,24.0,32,25,"2,276",25.3,8.0,2.0,7.0,1.0,2.0,7.0,0.0,0.32,0.08,0.4,0.28,0.36,7.7,6.2,2.2,8.4,0.3,0.09,0.39,0.24,0.33
Yves Bissouma,Brighton & Hove Albion,MLI,MF,24.0,26,25,"2,111",23.5,1.0,2.0,1.0,0.0,0.0,10.0,0.0,0.04,0.09,0.13,0.04,0.13,0.9,0.9,0.8,1.7,0.04,0.03,0.07,0.04,0.07
Pascal Groß,Brighton & Hove Albion,GER,"MF,DF",30.0,29,24,"2,038",22.6,2.0,4.0,2.0,0.0,1.0,1.0,0.0,0.09,0.18,0.26,0.09,0.26,2.9,2.2,5.3,7.5,0.13,0.24,0.36,0.1,0.33
Alexis Mac Allister,Brighton & Hove Albion,ARG,"MF,FW",22.0,33,22,"2,123",23.6,5.0,2.0,3.0,2.0,3.0,4.0,0.0,0.21,0.08,0.3,0.13,0.21,6.5,4.2,1.5,5.7,0.28,0.06,0.34,0.18,0.24
Jakub Moder,Brighton & Hove Albion,POL,"MF,FW",22.0,28,19,"1,701",18.9,0.0,3.0,0.0,0.0,0.0,1.0,0.0,0.0,0.16,0.16,0.0,0.16,2.4,2.4,1.7,4.1,0.13,0.09,0.22,0.13,0.22
Adam Lallana,Brighton & Hove Albion,ENG,MF,33.0,24,18,"1,561",17.3,0.0,1.0,0.0,0.0,0.0,4.0,0.0,0.0,0.06,0.06,0.0,0.06,1.2,1.2,0.7,1.9,0.07,0.04,0.11,0.07,0.11
Solly March,Brighton & Hove Albion,ENG,"DF,FW",27.0,31,17,"1,746",19.4,0.0,2.0,0.0,0.0,0.0,1.0,0.0,0.0,0.1,0.1,0.0,0.1,1.5,1.5,2.7,4.3,0.08,0.14,0.22,0.08,0.22
Tariq Lamptey,Brighton & Hove Albion,ENG,"DF,FW",20.0,30,16,"1,561",17.3,0.0,2.0,0.0,0.0,0.0,4.0,0.0,0.0,0.12,0.12,0.0,0.12,0.8,0.8,2.2,3.0,0.05,0.13,0.17,0.05,0.17
Adam Webster,Brighton & Hove Albion,ENG,DF,26.0,22,16,"1,434",15.9,2.0,0.0,2.0,0.0,0.0,5.0,0.0,0.13,0.0,0.13,0.13,0.13,1.1,1.1,0.1,1.2,0.07,0.0,0.08,0.07,0.08
Danny Welbeck,Brighton & Hove Albion,ENG,FW,30.0,25,15,"1,478",16.4,6.0,2.0,6.0,0.0,0.0,0.0,0.0,0.37,0.12,0.49,0.37,0.49,6.1,6.1,1.0,7.1,0.37,0.06,0.44,0.37,0.44
Shane Duffy,Brighton & Hove Albion,IRL,DF,29.0,18,15,"1,436",16.0,1.0,0.0,1.0,0.0,0.0,7.0,0.0,0.06,0.0,0.06,0.06,0.06,1.3,1.3,0.1,1.5,0.08,0.01,0.09,0.08,0.09
Dan Burn,Brighton & Hove Albion,ENG,DF,29.0,13,12,"1,022",11.4,1.0,0.0,1.0,0.0,0.0,4.0,0.0,0.09,0.0,0.09,0.09,0.09,1.3,1.3,0.0,1.3,0.11,0.0,0.12,0.11,0.12
Enock Mwepu,Brighton & Hove Albion,ZAM,"MF,FW",23.0,18,12,996,11.1,2.0,4.0,2.0,0.0,0.0,2.0,0.0,0.18,0.36,0.54,0.18,0.54,1.9,1.9,1.4,3.2,0.17,0.12,0.29,0.17,0.29
Moisés Caicedo,Brighton & Hove Albion,ECU,MF,19.0,8,8,660,7.3,1.0,1.0,1.0,0.0,0.0,2.0,0.0,0.14,0.14,0.27,0.14,0.27,0.8,0.8,0.4,1.1,0.1,0.05,0.16,0.1,0.16
Steven Alzate,Brighton & Hove Albion,COL,MF,22.0,9,5,404,4.5,0.0,0.0,0.0,0.0,0.0,0.0,0.0,0.0,0.0,0.0,0.0,0.0,0.1,0.1,0.2,0.3,0.02,0.04,0.06,0.02,0.06
Aaron Connolly,Brighton & Hove Albion,IRL,FW,21.0,4,1,156,1.7,0.0,0.0,0.0,0.0,0.0,0.0,0.0,0.0,0.0,0.0,0.0,0.0,0.5,0.5,0.4,0.8,0.26,0.2,0.47,0.26,0.47
Jason Steele,Brighton & Hove Albion,ENG,GK,30.0,1,1,90,1.0,0.0,0.0,0.0,0.0,0.0,0.0,0.0,0.0,0.0,0.0,0.0,0.0,0.0,0.0,0.0,0.0,0.0,0.0,0.0,0.0,0.0
Jeremy Sarmiento,Brighton & Hove Albion,ECU,"FW,MF",19.0,5,1,48,0.5,0.0,0.0,0.0,0.0,0.0,0.0,0.0,0.0,0.0,0.0,0.0,0.0,0.0,0.0,0.0,0.0,0.0,0.0,0.0,0.0,0.0
Taylor Richards,Brighton & Hove Albion,ENG,"MF,FW",20.0,2,0,25,0.3,0.0,0.0,0.0,0.0,0.0,0.0,0.0,0.0,0.0,0.0,0.0,0.0,0.0,0.0,0.0,0.0,0.14,0.0,0.14,0.14,0.14
Evan Ferguson,Brighton & Hove Albion,IRL,MF,16.0,1,0,23,0.3,0.0,0.0,0.0,0.0,0.0,0.0,0.0,0.0,0.0,0.0,0.0,0.0,0.0,0.0,0.0,0.0,0.0,0.0,0.0,0.0,0.0
Jürgen Locadia,Brighton & Hove Albion,NED,FW,27.0,1,0,23,0.3,0.0,0.0,0.0,0.0,0.0,0.0,0.0,0.0,0.0,0.0,0.0,0.0,0.1,0.1,0.0,0.1,0.45,0.0,0.45,0.45,0.45
Nick Pope,Burnley,ENG,GK,29.0,36,36,"3,240",36.0,0.0,0.0,0.0,0.0,0.0,1.0,0.0,0.0,0.0,0.0,0.0,0.0,0.0,0.0,0.2,0.2,0.0,0.01,0.01,0.0,0.01
Dwight McNeil,Burnley,ENG,MF,21.0,38,35,"3,107",34.5,0.0,1.0,0.0,0.0,0.0,1.0,0.0,0.0,0.03,0.03,0.0,0.03,2.3,2.3,4.8,7.1,0.07,0.14,0.21,0.07,0.21
James Tarkowski,Burnley,ENG,DF,28.0,35,35,"3,106",34.5,1.0,2.0,1.0,0.0,0.0,11.0,0.0,0.03,0.06,0.09,0.03,0.09,2.0,2.0,0.6,2.6,0.06,0.02,0.08,0.06,0.08
Josh Brownhill,Burnley,ENG,MF,25.0,35,32,"2,955",32.8,2.0,3.0,2.0,0.0,0.0,10.0,0.0,0.06,0.09,0.15,0.06,0.15,1.4,1.4,2.5,3.9,0.04,0.08,0.12,0.04,0.12
Charlie Taylor,Burnley,ENG,DF,27.0,31,30,"2,731",30.3,0.0,3.0,0.0,0.0,0.0,3.0,0.0,0.0,0.1,0.1,0.0,0.1,0.2,0.2,3.5,3.7,0.01,0.11,0.12,0.01,0.12
Ashley Westwood,Burnley,ENG,MF,31.0,27,26,"2,287",25.4,0.0,3.0,0.0,0.0,0.0,7.0,0.0,0.0,0.12,0.12,0.0,0.12,0.8,0.8,3.6,4.3,0.03,0.14,0.17,0.03,0.17
Ben Mee,Burnley,ENG,DF,31.0,21,21,"1,839",20.4,3.0,0.0,3.0,0.0,0.0,3.0,0.0,0.15,0.0,0.15,0.15,0.15,1.8,1.8,0.1,1.9,0.09,0.0,0.09,0.09,0.09
Maxwel Cornet,Burnley,CIV,"FW,MF",24.0,26,21,"1,766",19.6,9.0,1.0,9.0,0.0,1.0,2.0,0.0,0.46,0.05,0.51,0.46,0.51,6.7,5.9,1.5,7.4,0.34,0.07,0.42,0.3,0.38
Matthew Lowton,Burnley,ENG,DF,32.0,25,20,"1,772",19.7,1.0,2.0,1.0,0.0,0.0,3.0,1.0,0.05,0.1,0.15,0.05,0.15,0.6,0.6,1.3,1.9,0.03,0.07,0.1,0.03,0.1
Jack Cork,Burnley,ENG,MF,32.0,20,20,"1,670",18.6,1.0,0.0,1.0,0.0,0.0,4.0,0.0,0.05,0.0,0.05,0.05,0.05,0.8,0.8,0.1,0.9,0.04,0.01,0.05,0.04,0.05
Connor Roberts,Burnley,WAL,DF,25.0,21,19,"1,692",18.8,1.0,1.0,1.0,0.0,0.0,2.0,0.0,0.05,0.05,0.11,0.05,0.11,0.2,0.2,1.1,1.3,0.01,0.06,0.07,0.01,0.07
Nathan Collins,Burnley,IRL,DF,20.0,19,18,"1,670",18.6,2.0,0.0,2.0,0.0,0.0,2.0,1.0,0.11,0.0,0.11,0.11,0.11,1.6,1.6,0.9,2.5,0.08,0.05,0.14,0.08,0.14
Aaron Lennon,Burnley,ENG,MF,34.0,28,17,"1,551",17.2,2.0,0.0,2.0,0.0,0.0,2.0,0.0,0.12,0.0,0.12,0.12,0.12,1.1,1.1,0.5,1.6,0.06,0.03,0.09,0.06,0.09
Wout Weghorst,Burnley,NED,FW,28.0,20,17,"1,450",16.1,2.0,3.0,2.0,0.0,0.0,3.0,0.0,0.12,0.19,0.31,0.12,0.31,4.2,4.2,1.4,5.7,0.26,0.09,0.35,0.26,0.35
Chris Wood,Burnley,NZL,FW,29.0,17,17,"1,367",15.2,3.0,0.0,3.0,0.0,0.0,1.0,0.0,0.2,0.0,0.2,0.2,0.2,4.5,4.5,0.2,4.7,0.3,0.02,0.31,0.3,0.31
Jay Rodriguez,Burnley,ENG,FW,32.0,29,13,"1,382",15.4,2.0,2.0,2.0,0.0,0.0,3.0,0.0,0.13,0.13,0.26,0.13,0.26,4.7,4.7,1.9,6.6,0.3,0.12,0.43,0.3,0.43
Jóhann Berg Guðmundsson,Burnley,ISL,MF,30.0,18,13,"1,102",12.2,0.0,1.0,0.0,0.0,0.0,2.0,0.0,0.0,0.08,0.08,0.0,0.08,1.7,1.7,0.3,2.0,0.14,0.03,0.16,0.14,0.16
Ashley Barnes,Burnley,ENG,FW,31.0,23,8,808,9.0,1.0,0.0,0.0,1.0,1.0,4.0,0.0,0.11,0.0,0.11,0.0,0.0,1.8,1.0,1.6,2.6,0.2,0.18,0.38,0.11,0.29
Erik Pieters,Burnley,NED,DF,32.0,12,8,730,8.1,0.0,1.0,0.0,0.0,0.0,1.0,0.0,0.0,0.12,0.12,0.0,0.12,0.2,0.2,0.8,1.0,0.02,0.1,0.13,0.02,0.13
Mat?j Vydra,Burnley,CZE,FW,29.0,22,5,679,7.5,2.0,3.0,2.0,0.0,0.0,1.0,0.0,0.27,0.4,0.66,0.27,0.66,3.0,3.0,0.6,3.6,0.4,0.08,0.48,0.4,0.48
Kevin Long,Burnley,IRL,DF,30.0,6,4,410,4.6,0.0,0.0,0.0,0.0,0.0,1.0,0.0,0.0,0.0,0.0,0.0,0.0,0.2,0.2,0.0,0.2,0.03,0.0,0.03,0.03,0.03
Wayne Hennessey,Burnley,WAL,GK,34.0,2,2,180,2.0,0.0,0.0,0.0,0.0,0.0,0.0,0.0,0.0,0.0,0.0,0.0,0.0,0.0,0.0,0.1,0.1,0.0,0.06,0.06,0.0,0.06
Dale Stephens,Burnley,ENG,MF,32.0,3,1,124,1.4,0.0,0.0,0.0,0.0,0.0,1.0,0.0,0.0,0.0,0.0,0.0,0.0,0.0,0.0,0.0,0.1,0.02,0.03,0.06,0.02,0.06
Edouard Mendy,Chelsea,SEN,GK,29.0,34,34,"3,060",34.0,0.0,0.0,0.0,0.0,0.0,3.0,0.0,0.0,0.0,0.0,0.0,0.0,0.0,0.0,0.0,0.0,0.0,0.0,0.0,0.0,0.0
Antonio Rüdiger,Chelsea,GER,DF,28.0,34,34,"3,035",33.7,3.0,0.0,3.0,0.0,0.0,9.0,0.0,0.09,0.0,0.09,0.09,0.09,2.8,2.8,1.1,3.9,0.08,0.03,0.12,0.08,0.12
Thiago Silva,Chelsea,BRA,DF,36.0,32,28,"2,650",29.4,3.0,0.0,3.0,0.0,0.0,2.0,0.0,0.1,0.0,0.1,0.1,0.1,0.9,0.9,0.2,1.1,0.03,0.01,0.04,0.03,0.04
Mason Mount,Chelsea,ENG,"MF,FW",22.0,32,27,"2,363",26.3,11.0,10.0,10.0,1.0,1.0,4.0,0.0,0.42,0.38,0.8,0.38,0.76,8.9,8.1,6.7,14.8,0.34,0.25,0.59,0.31,0.56
Jorginho,Chelsea,ITA,MF,29.0,29,26,"2,273",25.3,6.0,2.0,0.0,6.0,7.0,5.0,0.0,0.24,0.08,0.32,0.0,0.08,5.7,0.4,2.8,3.2,0.23,0.11,0.34,0.02,0.13
Marcos Alonso,Chelsea,ESP,DF,30.0,28,25,"2,167",24.1,4.0,4.0,4.0,0.0,0.0,8.0,0.0,0.17,0.17,0.33,0.17,0.33,3.3,3.3,4.6,7.9,0.14,0.19,0.33,0.14,0.33
César Azpilicueta,Chelsea,ESP,DF,31.0,27,24,"2,070",23.0,1.0,2.0,1.0,0.0,0.0,3.0,0.0,0.04,0.09,0.13,0.04,0.13,1.2,1.2,2.1,3.3,0.05,0.09,0.14,0.05,0.14
Reece James,Chelsea,ENG,DF,21.0,26,22,"1,864",20.7,5.0,9.0,5.0,0.0,0.0,4.0,1.0,0.24,0.43,0.68,0.24,0.68,2.6,2.6,5.7,8.3,0.12,0.28,0.4,0.12,0.4
Kai Havertz,Chelsea,GER,"FW,MF",22.0,29,22,"1,809",20.1,8.0,3.0,8.0,0.0,0.0,3.0,0.0,0.4,0.15,0.55,0.4,0.55,9.7,9.7,2.0,11.6,0.48,0.1,0.58,0.48,0.58
N'Golo Kanté,Chelsea,FRA,MF,30.0,26,21,"1,773",19.7,2.0,4.0,2.0,0.0,0.0,2.0,0.0,0.1,0.2,0.3,0.1,0.3,1.8,1.8,2.3,4.2,0.09,0.12,0.21,0.09,0.21
Andreas Christensen,Chelsea,DEN,DF,25.0,19,17,"1,496",16.6,0.0,0.0,0.0,0.0,0.0,2.0,0.0,0.0,0.0,0.0,0.0,0.0,0.4,0.4,0.2,0.7,0.03,0.01,0.04,0.03,0.04
Trevoh Chalobah,Chelsea,ENG,DF,22.0,20,17,"1,449",16.1,3.0,1.0,3.0,0.0,0.0,2.0,0.0,0.19,0.06,0.25,0.19,0.25,1.0,1.0,0.2,1.2,0.06,0.01,0.08,0.06,0.08
Romelu Lukaku,Chelsea,BEL,FW,28.0,26,16,"1,589",17.7,8.0,0.0,7.0,1.0,1.0,1.0,0.0,0.45,0.0,0.45,0.4,0.4,6.8,6.1,3.0,9.0,0.39,0.17,0.55,0.34,0.51
Mateo Kova?i?,Chelsea,CRO,MF,27.0,25,16,"1,558",17.3,2.0,5.0,2.0,0.0,0.0,4.0,0.0,0.12,0.29,0.4,0.12,0.4,1.8,1.8,3.6,5.5,0.11,0.21,0.32,0.11,0.32
Timo Werner,Chelsea,GER,"FW,MF",25.0,21,15,"1,283",14.3,4.0,1.0,4.0,0.0,0.0,1.0,0.0,0.28,0.07,0.35,0.28,0.35,7.6,7.6,0.4,8.0,0.53,0.03,0.56,0.53,0.56
Hakim Ziyech,Chelsea,MAR,"FW,MF",28.0,23,14,"1,319",14.7,4.0,3.0,4.0,0.0,0.0,3.0,0.0,0.27,0.2,0.48,0.27,0.48,3.4,3.4,3.5,6.9,0.23,0.24,0.47,0.23,0.47
Ruben Loftus-Cheek,Chelsea,ENG,"MF,DF",25.0,24,13,"1,394",15.5,0.0,2.0,0.0,0.0,0.0,1.0,0.0,0.0,0.13,0.13,0.0,0.13,1.2,1.2,1.9,3.1,0.08,0.12,0.2,0.08,0.2
Christian Pulisic,Chelsea,USA,"MF,FW",22.0,22,13,"1,290",14.3,6.0,2.0,6.0,0.0,0.0,2.0,0.0,0.42,0.14,0.56,0.42,0.56,5.1,5.1,1.2,6.3,0.35,0.08,0.44,0.35,0.44
Callum Hudson-Odoi,Chelsea,ENG,"FW,MF",20.0,15,11,962,10.7,1.0,2.0,1.0,0.0,0.0,1.0,0.0,0.09,0.19,0.28,0.09,0.28,2.1,2.1,2.3,4.4,0.2,0.21,0.41,0.2,0.41
Malang Sarr,Chelsea,FRA,DF,22.0,8,6,546,6.1,0.0,0.0,0.0,0.0,0.0,2.0,0.0,0.0,0.0,0.0,0.0,0.0,0.0,0.0,0.4,0.4,0.01,0.06,0.07,0.01,0.07
Ben Chilwell,Chelsea,ENG,DF,24.0,7,6,542,6.0,3.0,1.0,3.0,0.0,0.0,0.0,0.0,0.5,0.17,0.66,0.5,0.66,1.2,1.2,0.9,2.1,0.19,0.15,0.34,0.19,0.34
Saúl Ñíguez,Chelsea,ESP,"MF,DF",26.0,10,5,480,5.3,0.0,0.0,0.0,0.0,0.0,1.0,0.0,0.0,0.0,0.0,0.0,0.0,0.2,0.2,0.3,0.5,0.04,0.06,0.1,0.04,0.1
Kepa Arrizabalaga,Chelsea,ESP,GK,26.0,4,4,360,4.0,0.0,0.0,0.0,0.0,0.0,0.0,0.0,0.0,0.0,0.0,0.0,0.0,0.0,0.0,0.0,0.0,0.0,0.0,0.0,0.0,0.0
Ross Barkley,Chelsea,ENG,MF,27.0,6,1,179,2.0,1.0,0.0,1.0,0.0,0.0,0.0,0.0,0.5,0.0,0.5,0.5,0.5,1.2,1.2,0.7,1.9,0.6,0.33,0.94,0.6,0.94
Kenedy,Chelsea,BRA,DF,25.0,1,1,58,0.6,0.0,1.0,0.0,0.0,0.0,0.0,0.0,0.0,1.55,1.55,0.0,1.55,0.1,0.1,0.9,1.0,0.13,1.35,1.48,0.13,1.48
Emerson Palmieri,Chelsea,ITA,DF,26.0,1,0,5,0.1,0.0,0.0,0.0,0.0,0.0,0.0,0.0,0.0,0.0,0.0,0.0,0.0,0.0,0.0,0.0,0.0,0.0,0.0,0.0,0.0,0.0
Marc Guéhi,Crystal Palace,ENG,DF,21.0,36,36,"3,222",35.8,2.0,1.0,2.0,0.0,0.0,4.0,0.0,0.06,0.03,0.08,0.06,0.08,1.9,1.9,0.5,2.4,0.05,0.01,0.07,0.05,0.07
Tyrick Mitchell,Crystal Palace,ENG,DF,21.0,36,35,"3,101",34.5,0.0,2.0,0.0,0.0,0.0,1.0,0.0,0.0,0.06,0.06,0.0,0.06,0.3,0.3,1.3,1.6,0.01,0.04,0.05,0.01,0.05
Conor Gallagher,Crystal Palace,ENG,MF,21.0,34,33,"2,845",31.6,8.0,3.0,8.0,0.0,0.0,10.0,0.0,0.25,0.09,0.35,0.25,0.35,5.8,5.8,3.5,9.3,0.18,0.11,0.29,0.18,0.29
Joachim Andersen,Crystal Palace,DEN,DF,25.0,34,32,"2,916",32.4,0.0,3.0,0.0,0.0,0.0,4.0,0.0,0.0,0.09,0.09,0.0,0.09,0.6,0.6,2.0,2.6,0.02,0.06,0.08,0.02,0.08
Wilfried Zaha,Crystal Palace,CIV,FW,28.0,33,31,"2,760",30.7,14.0,1.0,9.0,5.0,7.0,6.0,1.0,0.46,0.03,0.49,0.29,0.33,9.4,4.0,4.8,8.8,0.31,0.16,0.46,0.13,0.29
Vicente Guaita,Crystal Palace,ESP,GK,34.0,30,30,"2,655",29.5,0.0,0.0,0.0,0.0,0.0,2.0,0.0,0.0,0.0,0.0,0.0,0.0,0.0,0.0,0.0,0.0,0.0,0.0,0.0,0.0,0.0
Joel Ward,Crystal Palace,ENG,DF,31.0,28,27,"2,487",27.6,0.0,0.0,0.0,0.0,0.0,8.0,0.0,0.0,0.0,0.0,0.0,0.0,0.4,0.4,0.6,1.0,0.01,0.02,0.03,0.01,0.03
Jordan Ayew,Crystal Palace,GHA,FW,29.0,31,23,"2,019",22.4,3.0,3.0,3.0,0.0,0.0,2.0,0.0,0.13,0.13,0.27,0.13,0.27,3.7,3.7,2.3,6.1,0.17,0.1,0.27,0.17,0.27
Cheikhou Kouyaté,Crystal Palace,SEN,MF,31.0,27,23,"1,974",21.9,0.0,1.0,0.0,0.0,0.0,3.0,0.0,0.0,0.05,0.05,0.0,0.05,0.6,0.6,0.7,1.3,0.03,0.03,0.06,0.03,0.06
Jeffrey Schlupp,Crystal Palace,GHA,"MF,FW",28.0,32,20,"1,851",20.6,4.0,1.0,4.0,0.0,0.0,1.0,0.0,0.19,0.05,0.24,0.19,0.24,3.1,3.1,1.8,4.9,0.15,0.09,0.24,0.15,0.24
Odsonne Édouard,Crystal Palace,FRA,FW,23.0,28,18,"1,564",17.4,6.0,3.0,5.0,1.0,1.0,4.0,0.0,0.35,0.17,0.52,0.29,0.46,6.9,6.1,2.3,8.4,0.39,0.13,0.53,0.35,0.48
James McArthur,Crystal Palace,SCO,MF,33.0,21,15,"1,439",16.0,0.0,3.0,0.0,0.0,0.0,4.0,0.0,0.0,0.19,0.19,0.0,0.19,0.3,0.3,1.0,1.4,0.02,0.06,0.08,0.02,0.08
Nathaniel Clyne,Crystal Palace,ENG,DF,30.0,16,15,"1,351",15.0,0.0,1.0,0.0,0.0,0.0,1.0,0.0,0.0,0.07,0.07,0.0,0.07,0.1,0.1,0.5,0.6,0.01,0.03,0.04,0.01,0.04
Jean-Philippe Mateta,Crystal Palace,FRA,FW,24.0,22,13,"1,145",12.7,5.0,1.0,5.0,0.0,0.0,2.0,0.0,0.39,0.08,0.47,0.39,0.47,5.5,5.5,1.3,6.8,0.43,0.11,0.54,0.43,0.54
Will Hughes,Crystal Palace,ENG,MF,26.0,16,13,"1,053",11.7,0.0,1.0,0.0,0.0,0.0,6.0,0.0,0.0,0.09,0.09,0.0,0.09,0.2,0.2,0.7,0.8,0.01,0.06,0.07,0.01,0.07
Michael Olise,Crystal Palace,FRA,"FW,MF",19.0,26,12,"1,141",12.7,2.0,5.0,2.0,0.0,0.0,4.0,0.0,0.16,0.39,0.55,0.16,0.55,1.4,1.4,3.4,4.8,0.11,0.27,0.38,0.11,0.38
Christian Benteke,Crystal Palace,BEL,FW,30.0,25,11,"1,145",12.7,4.0,1.0,4.0,0.0,0.0,3.0,0.0,0.31,0.08,0.39,0.31,0.39,5.4,5.4,1.1,6.5,0.42,0.09,0.51,0.42,0.51
Luka Milivojevi?,Crystal Palace,SRB,MF,30.0,15,9,774,8.6,0.0,0.0,0.0,0.0,0.0,1.0,0.0,0.0,0.0,0.0,0.0,0.0,0.2,0.2,0.8,1.0,0.03,0.09,0.12,0.03,0.12
Jack Butland,Crystal Palace,ENG,GK,28.0,9,8,765,8.5,0.0,0.0,0.0,0.0,0.0,0.0,0.0,0.0,0.0,0.0,0.0,0.0,0.0,0.0,0.0,0.0,0.0,0.0,0.0,0.0,0.0
Eberechi Eze,Crystal Palace,ENG,"MF,FW",23.0,13,6,605,6.7,1.0,1.0,1.0,0.0,0.0,1.0,0.0,0.15,0.15,0.3,0.15,0.3,0.5,0.5,0.9,1.4,0.08,0.13,0.21,0.08,0.21
James Tomkins,Crystal Palace,ENG,DF,32.0,8,6,547,6.1,1.0,0.0,1.0,0.0,0.0,2.0,0.0,0.16,0.0,0.16,0.16,0.16,0.6,0.6,0.4,0.9,0.09,0.06,0.15,0.09,0.15
Jaïro Riedewald,Crystal Palace,NED,MF,24.0,3,1,118,1.3,0.0,0.0,0.0,0.0,0.0,0.0,0.0,0.0,0.0,0.0,0.0,0.0,0.0,0.0,0.1,0.1,0.0,0.06,0.06,0.0,0.06
Jesuran Rak Sakyi,Crystal Palace,ENG,"FW,MF",18.0,2,1,80,0.9,0.0,0.0,0.0,0.0,0.0,0.0,0.0,0.0,0.0,0.0,0.0,0.0,0.0,0.0,0.0,0.0,0.0,0.0,0.0,0.0,0.0
Nathan Ferguson,Crystal Palace,ENG,DF,20.0,1,0,9,0.1,0.0,0.0,0.0,0.0,0.0,0.0,0.0,0.0,0.0,0.0,0.0,0.0,0.0,0.0,0.0,0.0,0.0,0.0,0.0,0.0,0.0
Jordan Pickford,Everton,ENG,GK,27.0,35,35,"3,150",35.0,0.0,0.0,0.0,0.0,0.0,2.0,0.0,0.0,0.0,0.0,0.0,0.0,0.0,0.0,0.1,0.1,0.0,0.0,0.0,0.0,0.0
Michael Keane,Everton,ENG,DF,28.0,32,31,"2,792",31.0,3.0,2.0,3.0,0.0,0.0,4.0,1.0,0.1,0.06,0.16,0.1,0.16,1.2,1.2,0.6,1.8,0.04,0.02,0.06,0.04,0.06
Séamus Coleman,Everton,IRL,DF,32.0,30,30,"2,656",29.5,1.0,0.0,1.0,0.0,0.0,4.0,0.0,0.03,0.0,0.03,0.03,0.03,1.0,1.0,1.1,2.1,0.03,0.04,0.07,0.03,0.07
Abdoulaye Doucouré,Everton,MLI,MF,28.0,30,29,"2,537",28.2,2.0,4.0,2.0,0.0,0.0,6.0,0.0,0.07,0.14,0.21,0.07,0.21,2.7,2.7,2.2,4.9,0.1,0.08,0.17,0.1,0.17
Richarlison,Everton,BRA,"FW,MF",24.0,30,28,"2,523",28.0,10.0,5.0,7.0,3.0,3.0,9.0,0.0,0.36,0.18,0.54,0.25,0.43,10.2,7.9,2.4,10.3,0.36,0.09,0.45,0.28,0.37
Demarai Gray,Everton,ENG,"MF,FW",25.0,34,28,"2,338",26.0,5.0,4.0,5.0,0.0,0.0,3.0,0.0,0.19,0.15,0.35,0.19,0.35,4.5,4.5,4.3,8.8,0.17,0.16,0.34,0.17,0.34
Anthony Gordon,Everton,ENG,"MF,FW",20.0,35,25,"2,285",25.4,4.0,2.0,4.0,0.0,0.0,4.0,0.0,0.16,0.08,0.24,0.16,0.24,3.4,3.4,3.3,6.7,0.13,0.13,0.26,0.13,0.26
Allan,Everton,BRA,MF,30.0,28,25,"2,183",24.3,0.0,2.0,0.0,0.0,0.0,7.0,1.0,0.0,0.08,0.08,0.0,0.08,0.2,0.2,0.9,1.1,0.01,0.04,0.04,0.01,0.04
Mason Holgate,Everton,ENG,DF,24.0,25,23,"2,134",23.7,2.0,1.0,2.0,0.0,0.0,7.0,1.0,0.08,0.04,0.13,0.08,0.13,1.1,1.1,0.1,1.1,0.05,0.0,0.05,0.05,0.05
Ben Godfrey,Everton,ENG,DF,23.0,23,23,"2,029",22.5,0.0,0.0,0.0,0.0,0.0,6.0,0.0,0.0,0.0,0.0,0.0,0.0,1.1,1.1,0.7,1.9,0.05,0.03,0.08,0.05,0.08
Alex Iwobi,Everton,NGA,"MF,DF",25.0,28,22,"2,035",22.6,2.0,2.0,2.0,0.0,0.0,1.0,0.0,0.09,0.09,0.18,0.09,0.18,1.7,1.7,2.8,4.5,0.07,0.13,0.2,0.07,0.2
Andros Townsend,Everton,ENG,MF,30.0,21,17,"1,455",16.2,3.0,2.0,2.0,1.0,1.0,3.0,0.0,0.19,0.12,0.31,0.12,0.25,2.3,1.5,2.4,3.9,0.14,0.15,0.29,0.09,0.24
Dominic Calvert-Lewin,Everton,ENG,FW,24.0,17,15,"1,283",14.3,5.0,2.0,3.0,2.0,3.0,2.0,0.0,0.35,0.14,0.49,0.21,0.35,6.8,4.6,1.8,6.4,0.48,0.13,0.61,0.32,0.45
Lucas Digne,Everton,FRA,DF,28.0,13,13,"1,170",13.0,0.0,0.0,0.0,0.0,0.0,4.0,0.0,0.0,0.0,0.0,0.0,0.0,0.4,0.4,1.7,2.1,0.03,0.13,0.16,0.03,0.16
Vitaliy Mykolenko,Everton,UKR,DF,22.0,13,12,"1,055",11.7,1.0,0.0,1.0,0.0,0.0,0.0,0.0,0.09,0.0,0.09,0.09,0.09,0.8,0.8,0.8,1.6,0.07,0.07,0.14,0.07,0.14
Jonjoe Kenny,Everton,ENG,DF,24.0,15,11,"1,018",11.3,0.0,1.0,0.0,0.0,0.0,3.0,1.0,0.0,0.09,0.09,0.0,0.09,0.3,0.3,0.5,0.9,0.03,0.05,0.08,0.03,0.08
Yerry Mina,Everton,COL,DF,26.0,13,11,846,9.4,0.0,0.0,0.0,0.0,0.0,3.0,0.0,0.0,0.0,0.0,0.0,0.0,0.3,0.3,0.0,0.3,0.03,0.0,0.03,0.03,0.03
Salomón Rondón,Everton,VEN,FW,31.0,20,8,790,8.8,1.0,1.0,1.0,0.0,0.0,3.0,1.0,0.11,0.11,0.23,0.11,0.23,2.2,2.2,0.7,2.9,0.25,0.09,0.33,0.25,0.33
Fabian Delph,Everton,ENG,MF,31.0,11,8,662,7.4,0.0,0.0,0.0,0.0,0.0,2.0,0.0,0.0,0.0,0.0,0.0,0.0,0.0,0.0,0.1,0.1,0.01,0.01,0.02,0.01,0.02
André Gomes,Everton,POR,MF,28.0,14,7,619,6.9,0.0,1.0,0.0,0.0,0.0,3.0,0.0,0.0,0.15,0.15,0.0,0.15,0.7,0.7,0.2,0.9,0.1,0.03,0.13,0.1,0.13
Donny van de Beek,Everton,NED,MF,24.0,7,5,483,5.4,1.0,0.0,1.0,0.0,0.0,1.0,0.0,0.19,0.0,0.19,0.19,0.19,0.9,0.9,0.1,1.0,0.17,0.01,0.18,0.17,0.18
Jarrad Branthwaite,Everton,ENG,DF,19.0,6,4,388,4.3,1.0,0.0,1.0,0.0,0.0,0.0,1.0,0.23,0.0,0.23,0.23,0.23,0.4,0.4,0.0,0.4,0.1,0.0,0.1,0.1,0.1
Asmir Begovi?,Everton,BIH,GK,34.0,3,3,270,3.0,0.0,0.0,0.0,0.0,0.0,0.0,0.0,0.0,0.0,0.0,0.0,0.0,0.0,0.0,0.0,0.0,0.0,0.0,0.0,0.0,0.0
Tom Davies,Everton,ENG,MF,23.0,6,2,234,2.6,1.0,0.0,1.0,0.0,0.0,1.0,0.0,0.38,0.0,0.38,0.38,0.38,0.9,0.9,0.0,0.9,0.35,0.0,0.35,0.35,0.35
Dele Alli,Everton,ENG,MF,25.0,11,1,338,3.8,0.0,0.0,0.0,0.0,0.0,3.0,0.0,0.0,0.0,0.0,0.0,0.0,0.1,0.1,0.3,0.4,0.02,0.09,0.11,0.02,0.11
Jean-Philippe Gbamin,Everton,CIV,MF,25.0,3,1,67,0.7,0.0,0.0,0.0,0.0,0.0,0.0,0.0,0.0,0.0,0.0,0.0,0.0,0.0,0.0,0.0,0.0,0.0,0.0,0.0,0.0,0.0
Ellis Simms,Everton,ENG,FW,20.0,1,1,61,0.7,0.0,0.0,0.0,0.0,0.0,0.0,0.0,0.0,0.0,0.0,0.0,0.0,0.0,0.0,0.0,0.0,0.0,0.0,0.0,0.0,0.0
Lewis Dobbin,Everton,ENG,"FW,MF",18.0,3,0,32,0.4,0.0,0.0,0.0,0.0,0.0,1.0,0.0,0.0,0.0,0.0,0.0,0.0,0.0,0.0,0.0,0.0,0.0,0.0,0.0,0.0,0.0
Tyler Onyango,Everton,ENG,"MF,FW",18.0,3,0,28,0.3,0.0,0.0,0.0,0.0,0.0,0.0,0.0,0.0,0.0,0.0,0.0,0.0,0.0,0.0,0.0,0.0,0.1,0.0,0.1,0.1,0.1
Isaac Price,Everton,NIR,MF,17.0,1,0,14,0.2,0.0,0.0,0.0,0.0,0.0,0.0,0.0,0.0,0.0,0.0,0.0,0.0,0.2,0.2,0.0,0.2,1.03,0.0,1.03,1.03,1.03
Anwar El Ghazi,Everton,NED,FW,26.0,2,0,13,0.1,0.0,0.0,0.0,0.0,0.0,0.0,0.0,0.0,0.0,0.0,0.0,0.0,0.0,0.0,0.0,0.0,0.0,0.0,0.0,0.0,0.0
Cenk Tosun,Everton,TUR,FW,30.0,1,0,7,0.1,0.0,0.0,0.0,0.0,0.0,0.0,0.0,0.0,0.0,0.0,0.0,0.0,0.0,0.0,0.0,0.0,0.0,0.0,0.0,0.0,0.0
Moise Kean,Everton,ITA,FW,21.0,1,0,1,0.0,0.0,0.0,0.0,0.0,0.0,0.0,0.0,0.0,0.0,0.0,0.0,0.0,0.0,0.0,0.0,0.0,0.0,0.0,0.0,0.0,0.0
Illan Meslier,Leeds United,FRA,GK,21.0,38,38,"3,384",37.6,0.0,0.0,0.0,0.0,0.0,2.0,0.0,0.0,0.0,0.0,0.0,0.0,0.0,0.0,0.0,0.0,0.0,0.0,0.0,0.0,0.0
Stuart Dallas,Leeds United,NIR,"DF,MF",30.0,34,34,"2,919",32.4,1.0,1.0,1.0,0.0,0.0,5.0,0.0,0.03,0.03,0.06,0.03,0.06,2.0,2.0,2.4,4.3,0.06,0.07,0.13,0.06,0.13
Raphael Dias Belloli,Leeds United,BRA,"FW,MF",24.0,35,34,"2,915",32.4,11.0,3.0,7.0,4.0,4.0,7.0,0.0,0.34,0.09,0.43,0.22,0.31,11.2,8.2,6.8,15.0,0.35,0.21,0.56,0.25,0.46
Jack Harrison,Leeds United,ENG,"FW,MF",24.0,35,32,"2,639",29.3,8.0,1.0,8.0,0.0,0.0,3.0,0.0,0.27,0.03,0.31,0.27,0.31,4.0,4.0,2.6,6.6,0.14,0.09,0.22,0.14,0.22
Daniel James,Leeds United,WAL,"FW,MF",23.0,32,29,"2,366",26.3,4.0,4.0,4.0,0.0,0.0,7.0,1.0,0.15,0.15,0.3,0.15,0.3,5.7,5.7,2.4,8.1,0.22,0.09,0.31,0.22,0.31
Diego Llorente,Leeds United,ESP,DF,27.0,28,28,"2,340",26.0,3.0,0.0,3.0,0.0,0.0,7.0,0.0,0.12,0.0,0.12,0.12,0.12,1.4,1.4,0.1,1.4,0.05,0.0,0.05,0.05,0.05
Rodrigo,Leeds United,ESP,"MF,FW",30.0,31,27,"2,265",25.2,6.0,1.0,5.0,1.0,1.0,9.0,0.0,0.24,0.04,0.28,0.2,0.24,4.9,4.1,4.6,8.8,0.19,0.18,0.38,0.16,0.35
Luke Ayling,Leeds United,ENG,DF,29.0,26,26,"2,272",25.2,2.0,2.0,2.0,0.0,0.0,4.0,1.0,0.08,0.08,0.16,0.08,0.16,1.6,1.6,0.8,2.4,0.06,0.03,0.1,0.06,0.1
Mateusz Klich,Leeds United,POL,MF,31.0,33,26,"2,073",23.0,1.0,2.0,1.0,0.0,0.0,5.0,0.0,0.04,0.09,0.13,0.04,0.13,2.7,2.7,2.2,4.9,0.12,0.09,0.21,0.12,0.21
Pascal Struijk,Leeds United,NED,DF,21.0,29,22,"2,055",22.8,1.0,0.0,1.0,0.0,0.0,6.0,1.0,0.04,0.0,0.04,0.04,0.04,1.3,1.3,0.3,1.6,0.06,0.01,0.07,0.06,0.07
Liam Cooper,Leeds United,SCO,DF,29.0,21,21,"1,814",20.2,0.0,1.0,0.0,0.0,0.0,5.0,0.0,0.0,0.05,0.05,0.0,0.05,0.3,0.3,0.1,0.4,0.02,0.0,0.02,0.02,0.02
Junior Firpo,Leeds United,ESP,DF,24.0,24,19,"1,711",19.0,0.0,2.0,0.0,0.0,0.0,11.0,0.0,0.0,0.11,0.11,0.0,0.11,0.9,0.9,2.6,3.5,0.05,0.13,0.18,0.05,0.18
Kalvin Phillips,Leeds United,ENG,MF,25.0,20,18,"1,596",17.7,0.0,1.0,0.0,0.0,0.0,4.0,0.0,0.0,0.06,0.06,0.0,0.06,0.6,0.6,0.2,0.9,0.04,0.01,0.05,0.04,0.05
Robin Koch,Leeds United,GER,"MF,DF",25.0,20,17,"1,574",17.5,0.0,0.0,0.0,0.0,0.0,3.0,0.0,0.0,0.0,0.0,0.0,0.0,0.7,0.7,0.5,1.3,0.04,0.03,0.07,0.04,0.07
Adam Forshaw,Leeds United,ENG,MF,29.0,22,17,"1,530",17.0,0.0,1.0,0.0,0.0,0.0,5.0,0.0,0.0,0.06,0.06,0.0,0.06,0.4,0.4,1.1,1.5,0.02,0.07,0.09,0.02,0.09
Tyler Roberts,Leeds United,WAL,"MF,FW",22.0,23,7,987,11.0,1.0,1.0,1.0,0.0,0.0,5.0,0.0,0.09,0.09,0.18,0.09,0.18,2.4,2.4,1.2,3.7,0.22,0.11,0.34,0.22,0.34
Jamie Shackleton,Leeds United,ENG,"DF,MF",21.0,14,7,709,7.9,0.0,0.0,0.0,0.0,0.0,4.0,0.0,0.0,0.0,0.0,0.0,0.0,0.2,0.2,0.0,0.2,0.02,0.01,0.03,0.02,0.03
Patrick Bamford,Leeds United,ENG,FW,27.0,9,7,559,6.2,2.0,2.0,2.0,0.0,0.0,2.0,0.0,0.32,0.32,0.64,0.32,0.64,3.9,3.9,1.0,4.9,0.63,0.15,0.78,0.63,0.78
Joe Gelhardt,Leeds United,ENG,"FW,MF",19.0,20,5,746,8.3,2.0,2.0,2.0,0.0,0.0,4.0,0.0,0.24,0.24,0.48,0.24,0.48,3.1,3.1,1.5,4.7,0.38,0.19,0.56,0.38,0.56
Sam Greenwood,Leeds United,ENG,"MF,FW",19.0,7,1,237,2.6,0.0,2.0,0.0,0.0,0.0,0.0,0.0,0.0,0.76,0.76,0.0,0.76,0.4,0.4,0.7,1.1,0.14,0.28,0.42,0.14,0.42
Lewis Bate,Leeds United,ENG,MF,18.0,3,1,146,1.6,0.0,0.0,0.0,0.0,0.0,0.0,0.0,0.0,0.0,0.0,0.0,0.0,0.0,0.0,0.0,0.0,0.01,0.0,0.01,0.01,0.01
Charlie Cresswell,Leeds United,ENG,DF,18.0,5,1,141,1.6,0.0,0.0,0.0,0.0,0.0,1.0,0.0,0.0,0.0,0.0,0.0,0.0,0.1,0.1,0.0,0.1,0.05,0.0,0.05,0.05,0.05
Cody Drameh,Leeds United,ENG,DF,19.0,3,1,128,1.4,0.0,0.0,0.0,0.0,0.0,1.0,0.0,0.0,0.0,0.0,0.0,0.0,0.0,0.0,0.0,0.0,0.0,0.01,0.01,0.0,0.01
Leo Fuhr Hjelde,Leeds United,NOR,DF,17.0,2,0,150,1.7,0.0,0.0,0.0,0.0,0.0,0.0,0.0,0.0,0.0,0.0,0.0,0.0,0.0,0.0,0.0,0.0,0.0,0.02,0.02,0.0,0.02
Crysencio Summerville,Leeds United,NED,"MF,FW",19.0,6,0,130,1.4,0.0,0.0,0.0,0.0,0.0,0.0,0.0,0.0,0.0,0.0,0.0,0.0,0.3,0.3,0.1,0.3,0.18,0.03,0.21,0.18,0.21
Kristoffer Klaesson,Leeds United,NOR,GK,20.0,1,0,36,0.4,0.0,0.0,0.0,0.0,0.0,0.0,0.0,0.0,0.0,0.0,0.0,0.0,0.0,0.0,0.0,0.0,0.0,0.0,0.0,0.0,0.0
Hélder Costa,Leeds United,ANG,MF,27.0,1,0,22,0.2,0.0,0.0,0.0,0.0,0.0,0.0,0.0,0.0,0.0,0.0,0.0,0.0,0.0,0.0,0.0,0.0,0.11,0.0,0.11,0.11,0.11
Liam McCarron,Leeds United,SCO,FW,20.0,1,0,10,0.1,0.0,0.0,0.0,0.0,0.0,0.0,0.0,0.0,0.0,0.0,0.0,0.0,0.0,0.0,0.0,0.0,0.0,0.0,0.0,0.0,0.0
Stuart McKinstry,Leeds United,SCO,MF,18.0,1,0,4,0.0,0.0,0.0,0.0,0.0,0.0,0.0,0.0,0.0,0.0,0.0,0.0,0.0,0.0,0.0,0.0,0.0,0.0,0.0,0.0,0.0,0.0
Kasper Schmeichel,Leicester City,DEN,GK,34.0,37,37,"3,330",37.0,0.0,0.0,0.0,0.0,0.0,2.0,0.0,0.0,0.0,0.0,0.0,0.0,0.0,0.0,0.0,0.0,0.0,0.0,0.0,0.0,0.0
Youri Tielemans,Leicester City,BEL,MF,24.0,32,29,"2,631",29.2,6.0,4.0,4.0,2.0,2.0,3.0,0.0,0.21,0.14,0.34,0.14,0.27,4.6,3.1,4.9,7.9,0.16,0.17,0.32,0.11,0.27
Ça?lar Söyüncü,Leicester City,TUR,DF,25.0,28,28,"2,497",27.7,1.0,0.0,1.0,0.0,0.0,5.0,0.0,0.04,0.0,0.04,0.04,0.04,1.4,1.4,0.1,1.5,0.05,0.0,0.05,0.05,0.05
James Maddison,Leicester City,ENG,"MF,FW",24.0,35,28,"2,459",27.3,12.0,8.0,12.0,0.0,0.0,3.0,0.0,0.44,0.29,0.73,0.44,0.73,8.2,8.2,4.8,13.0,0.3,0.18,0.48,0.3,0.48
Harvey Barnes,Leicester City,ENG,"FW,MF",23.0,32,24,"2,101",23.3,6.0,10.0,6.0,0.0,0.0,2.0,0.0,0.26,0.43,0.69,0.26,0.69,6.8,6.8,4.0,10.8,0.29,0.17,0.46,0.29,0.46
Daniel Amartey,Leicester City,GHA,DF,26.0,28,23,"2,123",23.6,0.0,0.0,0.0,0.0,0.0,4.0,0.0,0.0,0.0,0.0,0.0,0.0,0.0,0.0,0.2,0.2,0.0,0.01,0.01,0.0,0.01
Kiernan Dewsbury Hall,Leicester City,ENG,MF,22.0,28,23,"2,105",23.4,1.0,3.0,1.0,0.0,0.0,4.0,0.0,0.04,0.13,0.17,0.04,0.17,1.3,1.3,3.0,4.3,0.06,0.13,0.18,0.06,0.18
Timothy Castagne,Leicester City,BEL,DF,25.0,27,22,"2,127",23.6,1.0,0.0,1.0,0.0,0.0,1.0,0.0,0.04,0.0,0.04,0.04,0.04,0.8,0.8,1.3,2.1,0.03,0.05,0.09,0.03,0.09
Luke Thomas,Leicester City,ENG,DF,20.0,22,21,"1,912",21.2,0.0,1.0,0.0,0.0,0.0,2.0,0.0,0.0,0.05,0.05,0.0,0.05,0.2,0.2,1.6,1.8,0.01,0.07,0.08,0.01,0.08
Jamie Vardy,Leicester City,ENG,FW,34.0,25,20,"1,806",20.1,15.0,2.0,15.0,0.0,0.0,2.0,0.0,0.75,0.1,0.85,0.75,0.85,9.5,9.5,1.6,11.1,0.47,0.08,0.55,0.47,0.55
Wilfred Ndidi,Leicester City,NGA,"MF,DF",24.0,19,18,"1,618",18.0,0.0,0.0,0.0,0.0,0.0,4.0,0.0,0.0,0.0,0.0,0.0,0.0,1.0,1.0,0.0,1.0,0.06,0.0,0.06,0.06,0.06
Ademola Lookman,Leicester City,NGA,"FW,MF",23.0,26,16,"1,453",16.1,6.0,0.0,6.0,0.0,0.0,2.0,0.0,0.37,0.0,0.37,0.37,0.37,5.1,5.1,1.9,6.9,0.31,0.12,0.43,0.31,0.43
Jonny Evans,Leicester City,NIR,DF,33.0,18,16,"1,348",15.0,1.0,1.0,1.0,0.0,0.0,3.0,0.0,0.07,0.07,0.13,0.07,0.13,0.7,0.7,0.6,1.3,0.05,0.04,0.09,0.05,0.09
Kelechi Iheanacho,Leicester City,NGA,FW,24.0,26,13,"1,264",14.0,4.0,5.0,4.0,0.0,0.0,1.0,0.0,0.28,0.36,0.64,0.28,0.64,3.4,3.4,2.7,6.1,0.25,0.19,0.44,0.25,0.44
Patson Daka,Leicester City,ZAM,FW,22.0,23,13,"1,159",12.9,5.0,3.0,5.0,0.0,0.0,2.0,0.0,0.39,0.23,0.62,0.39,0.62,4.7,4.7,1.8,6.5,0.36,0.14,0.51,0.36,0.51
Ricardo Pereira,Leicester City,POR,DF,27.0,14,13,991,11.0,1.0,3.0,1.0,0.0,0.0,3.0,0.0,0.09,0.27,0.36,0.09,0.36,0.7,0.7,1.3,2.0,0.06,0.12,0.18,0.06,0.18
Boubakary Soumaré,Leicester City,FRA,MF,22.0,19,12,"1,102",12.2,0.0,1.0,0.0,0.0,0.0,0.0,0.0,0.0,0.08,0.08,0.0,0.08,0.4,0.4,0.4,0.8,0.03,0.03,0.06,0.03,0.06
Nampalys Mendy,Leicester City,SEN,MF,29.0,14,12,"1,032",11.5,0.0,0.0,0.0,0.0,0.0,3.0,0.0,0.0,0.0,0.0,0.0,0.0,0.0,0.0,0.0,0.0,0.0,0.0,0.0,0.0,0.0
Marc Albrighton,Leicester City,ENG,"FW,DF",31.0,17,11,"1,132",12.6,1.0,2.0,1.0,0.0,0.0,3.0,0.0,0.08,0.16,0.24,0.08,0.24,0.5,0.5,1.7,2.2,0.04,0.13,0.18,0.04,0.18
James Justin,Leicester City,ENG,DF,23.0,13,11,998,11.1,0.0,0.0,0.0,0.0,0.0,0.0,0.0,0.0,0.0,0.0,0.0,0.0,0.6,0.6,1.0,1.6,0.06,0.09,0.14,0.06,0.14
Wesley Fofana,Leicester City,FRA,DF,20.0,7,7,630,7.0,0.0,0.0,0.0,0.0,0.0,2.0,0.0,0.0,0.0,0.0,0.0,0.0,0.2,0.2,0.0,0.3,0.03,0.0,0.04,0.03,0.04
Jannik Vestergaard,Leicester City,DEN,DF,28.0,10,6,567,6.3,0.0,0.0,0.0,0.0,0.0,2.0,0.0,0.0,0.0,0.0,0.0,0.0,0.1,0.1,0.0,0.1,0.01,0.01,0.01,0.01,0.01
Ayoze Pérez,Leicester City,ESP,"MF,FW",28.0,14,6,445,4.9,2.0,3.0,2.0,0.0,0.0,0.0,1.0,0.4,0.61,1.01,0.4,1.01,1.5,1.5,0.9,2.4,0.31,0.18,0.49,0.31,0.49
Ryan Bertrand,Leicester City,ENG,DF,31.0,4,4,337,3.7,0.0,0.0,0.0,0.0,0.0,1.0,0.0,0.0,0.0,0.0,0.0,0.0,0.0,0.0,0.3,0.3,0.0,0.08,0.08,0.0,0.08
Hamza Choudhury,Leicester City,ENG,"DF,MF",23.0,6,4,285,3.2,0.0,0.0,0.0,0.0,0.0,1.0,0.0,0.0,0.0,0.0,0.0,0.0,0.0,0.0,0.0,0.0,0.01,0.0,0.01,0.01,0.01
Danny Ward,Leicester City,WAL,GK,28.0,1,1,90,1.0,0.0,0.0,0.0,0.0,0.0,0.0,0.0,0.0,0.0,0.0,0.0,0.0,0.0,0.0,0.0,0.0,0.0,0.0,0.0,0.0,0.0
Lewis Brunt,Leicester City,ENG,MF,20.0,1,0,24,0.3,0.0,0.0,0.0,0.0,0.0,0.0,0.0,0.0,0.0,0.0,0.0,0.0,0.0,0.0,0.0,0.0,0.0,0.0,0.0,0.0,0.0
Kasey McAteer,Leicester City,ENG,FW,19.0,1,0,3,0.0,0.0,0.0,0.0,0.0,0.0,0.0,0.0,0.0,0.0,0.0,0.0,0.0,0.0,0.0,0.0,0.0,0.0,0.0,0.0,0.0,0.0
Alisson,Liverpool,BRA,GK,28.0,36,36,"3,240",36.0,0.0,1.0,0.0,0.0,0.0,0.0,0.0,0.0,0.03,0.03,0.0,0.03,0.0,0.0,0.4,0.4,0.0,0.01,0.01,0.0,0.01
Virgil van Dijk,Liverpool,NED,DF,30.0,34,34,"3,060",34.0,3.0,1.0,3.0,0.0,0.0,3.0,0.0,0.09,0.03,0.12,0.09,0.12,2.4,2.4,0.4,2.8,0.07,0.01,0.08,0.07,0.08
Trent Alexander-Arnold,Liverpool,ENG,DF,22.0,32,32,"2,853",31.7,2.0,12.0,2.0,0.0,0.0,2.0,0.0,0.06,0.38,0.44,0.06,0.44,2.7,2.7,11.2,13.9,0.08,0.35,0.44,0.08,0.44
Sadio Mané,Liverpool,SEN,FW,29.0,34,32,"2,819",31.3,16.0,2.0,16.0,0.0,0.0,5.0,0.0,0.51,0.06,0.57,0.51,0.57,16.7,16.7,4.4,21.1,0.53,0.14,0.67,0.53,0.67
Joël Matip,Liverpool,CMR,DF,29.0,31,31,"2,790",31.0,3.0,3.0,3.0,0.0,0.0,2.0,0.0,0.1,0.1,0.19,0.1,0.19,3.1,3.1,1.2,4.3,0.1,0.04,0.14,0.1,0.14
Mohamed Salah,Liverpool,EGY,FW,29.0,35,30,"2,762",30.7,23.0,13.0,18.0,5.0,6.0,1.0,0.0,0.75,0.42,1.17,0.59,1.01,21.8,17.0,10.4,27.4,0.71,0.34,1.05,0.55,0.89
Jordan Henderson,Liverpool,ENG,MF,31.0,35,29,"2,597",28.9,2.0,5.0,2.0,0.0,0.0,3.0,0.0,0.07,0.17,0.24,0.07,0.24,1.5,1.5,3.8,5.3,0.05,0.13,0.18,0.05,0.18
Andrew Robertson,Liverpool,SCO,DF,27.0,29,29,"2,537",28.2,3.0,10.0,3.0,0.0,0.0,5.0,1.0,0.11,0.35,0.46,0.11,0.46,1.9,1.9,5.2,7.0,0.07,0.18,0.25,0.07,0.25
Diogo Jota,Liverpool,POR,FW,24.0,35,27,"2,364",26.3,15.0,4.0,15.0,0.0,0.0,3.0,0.0,0.57,0.15,0.72,0.57,0.72,16.1,16.1,5.5,21.6,0.61,0.21,0.82,0.61,0.82
Fabinho,Liverpool,BRA,MF,27.0,29,26,"2,314",25.7,5.0,1.0,3.0,2.0,2.0,7.0,0.0,0.19,0.04,0.23,0.12,0.16,3.4,1.9,1.4,3.3,0.13,0.05,0.19,0.07,0.13
Thiago Alcántara,Liverpool,ESP,MF,30.0,25,17,"1,534",17.0,1.0,4.0,1.0,0.0,0.0,2.0,0.0,0.06,0.23,0.29,0.06,0.29,1.8,1.8,2.3,4.2,0.11,0.14,0.25,0.11,0.25
Naby Keïta,Liverpool,GUI,MF,26.0,23,14,"1,173",13.0,3.0,1.0,3.0,0.0,0.0,3.0,0.0,0.23,0.08,0.31,0.23,0.31,2.3,2.3,1.6,3.9,0.18,0.12,0.3,0.18,0.3
Ibrahima Konaté,Liverpool,FRA,DF,22.0,11,11,990,11.0,0.0,0.0,0.0,0.0,0.0,2.0,0.0,0.0,0.0,0.0,0.0,0.0,0.3,0.3,0.1,0.4,0.02,0.01,0.03,0.02,0.03
Luis Díaz,Liverpool,COL,FW,24.0,13,11,958,10.6,4.0,3.0,4.0,0.0,0.0,0.0,0.0,0.38,0.28,0.66,0.38,0.66,4.5,4.5,1.8,6.3,0.42,0.17,0.59,0.42,0.59
Roberto Firmino,Liverpool,BRA,FW,29.0,20,10,990,11.0,5.0,4.0,5.0,0.0,0.0,3.0,0.0,0.45,0.36,0.82,0.45,0.82,5.0,5.0,2.4,7.4,0.46,0.22,0.67,0.46,0.67
Curtis Jones,Liverpool,ENG,MF,20.0,15,10,851,9.5,1.0,1.0,1.0,0.0,0.0,0.0,0.0,0.11,0.11,0.21,0.11,0.21,0.9,0.9,0.6,1.6,0.1,0.07,0.16,0.1,0.16
Kostas Tsimikas,Liverpool,GRE,DF,25.0,13,9,877,9.7,0.0,2.0,0.0,0.0,0.0,3.0,0.0,0.0,0.21,0.21,0.0,0.21,0.5,0.5,2.6,3.1,0.06,0.26,0.32,0.06,0.32
James Milner,Liverpool,ENG,"MF,DF",35.0,24,9,853,9.5,0.0,1.0,0.0,0.0,0.0,2.0,0.0,0.0,0.11,0.11,0.0,0.11,0.3,0.3,2.2,2.4,0.03,0.23,0.26,0.03,0.26
Alex Oxlade-Chamberlain,Liverpool,ENG,"MF,FW",27.0,17,9,785,8.7,2.0,1.0,2.0,0.0,0.0,0.0,0.0,0.23,0.11,0.34,0.23,0.34,1.2,1.2,0.9,2.1,0.14,0.11,0.24,0.14,0.24
Harvey Elliott,Liverpool,ENG,MF,18.0,6,4,346,3.8,0.0,0.0,0.0,0.0,0.0,0.0,0.0,0.0,0.0,0.0,0.0,0.0,0.9,0.9,0.5,1.4,0.23,0.12,0.35,0.23,0.35
Joe Gomez,Liverpool,ENG,DF,24.0,8,4,331,3.7,0.0,1.0,0.0,0.0,0.0,2.0,0.0,0.0,0.27,0.27,0.0,0.27,0.0,0.0,0.5,0.5,0.0,0.13,0.13,0.0,0.13
Caoimhín Kelleher,Liverpool,IRL,GK,22.0,2,2,180,2.0,0.0,0.0,0.0,0.0,0.0,0.0,0.0,0.0,0.0,0.0,0.0,0.0,0.0,0.0,0.0,0.0,0.0,0.0,0.0,0.0,0.0
Takumi Minamino,Liverpool,JPN,"FW,MF",26.0,11,1,186,2.1,3.0,0.0,3.0,0.0,0.0,1.0,0.0,1.45,0.0,1.45,1.45,1.45,1.8,1.8,0.5,2.3,0.88,0.25,1.13,0.88,1.13
Tyler Morton,Liverpool,ENG,MF,18.0,2,1,66,0.7,0.0,0.0,0.0,0.0,0.0,1.0,0.0,0.0,0.0,0.0,0.0,0.0,0.0,0.0,0.0,0.0,0.0,0.0,0.0,0.0,0.0
Divock Origi,Liverpool,BEL,FW,26.0,7,0,133,1.5,3.0,0.0,3.0,0.0,0.0,0.0,0.0,2.03,0.0,2.03,2.03,2.03,1.6,1.6,0.0,1.6,1.08,0.0,1.08,1.08,1.08
Kaide Gordon,Liverpool,ENG,FW,16.0,1,0,9,0.1,0.0,0.0,0.0,0.0,0.0,0.0,0.0,0.0,0.0,0.0,0.0,0.0,0.4,0.4,0.0,0.4,4.48,0.0,4.48,4.48,4.48
Neco Williams,Liverpool,WAL,DF,20.0,1,0,8,0.1,0.0,1.0,0.0,0.0,0.0,0.0,0.0,0.0,11.25,11.25,0.0,11.25,0.0,0.0,0.6,0.6,0.0,6.5,6.5,0.0,6.5
Ederson,Manchester City,BRA,GK,27.0,37,37,"3,330",37.0,0.0,0.0,0.0,0.0,0.0,3.0,0.0,0.0,0.0,0.0,0.0,0.0,0.0,0.0,0.1,0.1,0.0,0.0,0.0,0.0,0.0
João Cancelo,Manchester City,POR,DF,27.0,36,36,"3,227",35.9,1.0,7.0,1.0,0.0,0.0,7.0,0.0,0.03,0.2,0.22,0.03,0.22,4.1,4.1,5.1,9.3,0.12,0.14,0.26,0.12,0.26
Rodri,Manchester City,ESP,MF,25.0,33,33,"2,884",32.0,7.0,2.0,7.0,0.0,0.0,5.0,0.0,0.22,0.06,0.28,0.22,0.28,2.7,2.7,1.4,4.1,0.08,0.04,0.13,0.08,0.13
Bernardo Silva,Manchester City,POR,"MF,FW",26.0,35,33,"2,857",31.7,8.0,4.0,8.0,0.0,0.0,6.0,0.0,0.25,0.13,0.38,0.25,0.38,6.8,6.8,5.2,12.0,0.21,0.16,0.38,0.21,0.38
Aymeric Laporte,Manchester City,ESP,DF,27.0,33,33,"2,828",31.4,4.0,0.0,4.0,0.0,0.0,5.0,1.0,0.13,0.0,0.13,0.13,0.13,4.4,4.4,0.5,4.9,0.14,0.02,0.16,0.14,0.16
Rúben Dias,Manchester City,POR,DF,24.0,29,27,"2,402",26.7,2.0,4.0,2.0,0.0,0.0,5.0,0.0,0.07,0.15,0.22,0.07,0.22,2.2,2.2,2.4,4.6,0.08,0.09,0.17,0.08,0.17
Kevin De Bruyne,Manchester City,BEL,MF,30.0,30,25,"2,201",24.5,15.0,8.0,15.0,0.0,0.0,2.0,0.0,0.61,0.33,0.94,0.61,0.94,6.4,6.4,9.5,15.9,0.26,0.39,0.65,0.26,0.65
Phil Foden,Manchester City,ENG,FW,21.0,28,24,"2,128",23.6,9.0,5.0,9.0,0.0,0.0,1.0,0.0,0.38,0.21,0.59,0.38,0.59,9.1,9.1,6.6,15.7,0.38,0.28,0.66,0.38,0.66
Raheem Sterling,Manchester City,ENG,FW,26.0,30,23,"2,128",23.6,13.0,5.0,11.0,2.0,3.0,1.0,0.0,0.55,0.21,0.76,0.47,0.68,14.4,12.0,4.6,16.6,0.61,0.2,0.81,0.51,0.7
Jack Grealish,Manchester City,ENG,FW,25.0,26,22,"1,914",21.3,3.0,3.0,3.0,0.0,0.0,3.0,0.0,0.14,0.14,0.28,0.14,0.28,4.8,4.8,6.3,11.1,0.22,0.3,0.52,0.22,0.52
Gabriel Jesus,Manchester City,BRA,FW,24.0,28,21,"1,877",20.9,8.0,8.0,7.0,1.0,1.0,1.0,0.0,0.38,0.38,0.77,0.34,0.72,10.1,9.4,5.4,14.7,0.49,0.26,0.74,0.45,0.71
?lkay Gündo?an,Manchester City,GER,MF,30.0,27,20,"1,857",20.6,8.0,4.0,8.0,0.0,0.0,1.0,0.0,0.39,0.19,0.58,0.39,0.58,8.6,8.6,4.2,12.8,0.42,0.2,0.62,0.42,0.62
Kyle Walker,Manchester City,ENG,DF,31.0,20,20,"1,755",19.5,0.0,2.0,0.0,0.0,0.0,1.0,0.0,0.0,0.1,0.1,0.0,0.1,0.3,0.3,1.2,1.4,0.01,0.06,0.07,0.01,0.07
Riyad Mahrez,Manchester City,ALG,FW,30.0,28,15,"1,498",16.6,11.0,5.0,7.0,4.0,5.0,0.0,0.0,0.66,0.3,0.96,0.42,0.72,10.1,6.3,3.7,10.0,0.61,0.22,0.83,0.38,0.6
John Stones,Manchester City,ENG,DF,27.0,14,12,"1,119",12.4,1.0,0.0,1.0,0.0,0.0,0.0,0.0,0.08,0.0,0.08,0.08,0.08,1.0,1.0,0.1,1.1,0.08,0.01,0.09,0.08,0.09
Oleksandr Zinchenko,Manchester City,UKR,DF,24.0,15,10,"1,047",11.6,0.0,4.0,0.0,0.0,0.0,0.0,0.0,0.0,0.34,0.34,0.0,0.34,0.4,0.4,2.0,2.5,0.04,0.18,0.21,0.04,0.21
Fernandinho,Manchester City,BRA,"MF,DF",36.0,19,10,964,10.7,2.0,1.0,2.0,0.0,0.0,1.0,0.0,0.19,0.09,0.28,0.19,0.28,1.6,1.6,0.9,2.5,0.15,0.08,0.24,0.15,0.24
Nathan Aké,Manchester City,NED,DF,26.0,14,10,923,10.3,2.0,0.0,2.0,0.0,0.0,0.0,0.0,0.2,0.0,0.2,0.2,0.2,1.1,1.1,0.5,1.6,0.11,0.05,0.16,0.11,0.16
Ferrán Torres,Manchester City,ESP,FW,21.0,4,4,303,3.4,2.0,1.0,2.0,0.0,0.0,0.0,0.0,0.59,0.3,0.89,0.59,0.89,2.5,2.5,0.0,2.5,0.74,0.01,0.75,0.74,0.75
Cole Palmer,Manchester City,ENG,"FW,MF",19.0,4,1,123,1.4,0.0,0.0,0.0,0.0,0.0,0.0,0.0,0.0,0.0,0.0,0.0,0.0,0.3,0.3,0.2,0.5,0.23,0.17,0.39,0.23,0.39
Zack Steffen,Manchester City,USA,GK,26.0,1,1,90,1.0,0.0,0.0,0.0,0.0,0.0,0.0,0.0,0.0,0.0,0.0,0.0,0.0,0.0,0.0,0.0,0.0,0.0,0.0,0.0,0.0,0.0
Benjamin Mendy,Manchester City,FRA,DF,27.0,1,1,78,0.9,0.0,0.0,0.0,0.0,0.0,0.0,0.0,0.0,0.0,0.0,0.0,0.0,0.0,0.0,0.3,0.3,0.0,0.3,0.3,0.0,0.3
James Mcatee,Manchester City,ENG,"MF,FW",18.0,2,0,20,0.2,0.0,0.0,0.0,0.0,0.0,0.0,0.0,0.0,0.0,0.0,0.0,0.0,0.0,0.0,0.0,0.0,0.19,0.0,0.19,0.19,0.19
Liam Delap,Manchester City,ENG,FW,18.0,1,0,10,0.1,0.0,0.0,0.0,0.0,0.0,0.0,0.0,0.0,0.0,0.0,0.0,0.0,0.0,0.0,0.0,0.0,0.0,0.0,0.0,0.0,0.0
Kayky Chagas,Manchester City,BRA,FW,18.0,1,0,7,0.1,0.0,0.0,0.0,0.0,0.0,0.0,0.0,0.0,0.0,0.0,0.0,0.0,0.0,0.0,0.0,0.0,0.0,0.0,0.0,0.0,0.0
CJ Egan-Riley,Manchester City,ENG,DF,18.0,1,0,4,0.0,0.0,0.0,0.0,0.0,0.0,0.0,0.0,0.0,0.0,0.0,0.0,0.0,0.0,0.0,0.0,0.0,0.0,0.0,0.0,0.0,0.0
David de Gea,Manchester United,ESP,GK,30.0,38,38,"3,420",38.0,0.0,0.0,0.0,0.0,0.0,0.0,0.0,0.0,0.0,0.0,0.0,0.0,0.0,0.0,0.0,0.0,0.0,0.0,0.0,0.0,0.0
Bruno Fernandes,Manchester United,POR,MF,26.0,36,35,"3,111",34.6,10.0,6.0,10.0,0.0,2.0,10.0,0.0,0.29,0.17,0.46,0.29,0.46,9.7,8.2,8.4,16.6,0.28,0.24,0.53,0.24,0.48
Harry Maguire,Manchester United,ENG,DF,28.0,30,28,"2,515",27.9,1.0,0.0,1.0,0.0,0.0,9.0,1.0,0.04,0.0,0.04,0.04,0.04,1.7,1.7,0.2,1.9,0.06,0.01,0.07,0.06,0.07
Scott McTominay,Manchester United,SCO,MF,24.0,30,28,"2,387",26.5,1.0,1.0,1.0,0.0,0.0,9.0,0.0,0.04,0.04,0.08,0.04,0.08,1.5,1.5,1.8,3.3,0.06,0.07,0.12,0.06,0.12
Cristiano Ronaldo,Manchester United,POR,FW,36.0,30,27,"2,456",27.3,18.0,3.0,15.0,3.0,3.0,8.0,0.0,0.66,0.11,0.77,0.55,0.66,16.5,14.2,3.1,17.3,0.61,0.11,0.72,0.52,0.64
Victor Lindelöf,Manchester United,SWE,DF,27.0,28,26,"2,355",26.2,0.0,2.0,0.0,0.0,0.0,4.0,0.0,0.0,0.08,0.08,0.0,0.08,0.3,0.3,0.5,0.8,0.01,0.02,0.03,0.01,0.03
Fred,Manchester United,BRA,MF,28.0,28,24,"2,028",22.5,4.0,4.0,4.0,0.0,0.0,5.0,0.0,0.18,0.18,0.36,0.18,0.36,1.5,1.5,2.0,3.4,0.07,0.09,0.15,0.07,0.15
Jadon Sancho,Manchester United,ENG,"FW,MF",21.0,29,20,"1,900",21.1,3.0,3.0,3.0,0.0,0.0,0.0,0.0,0.14,0.14,0.28,0.14,0.28,3.3,3.3,4.2,7.5,0.16,0.2,0.36,0.16,0.36
Raphaël Varane,Manchester United,FRA,DF,28.0,22,20,"1,831",20.3,1.0,1.0,1.0,0.0,0.0,0.0,0.0,0.05,0.05,0.1,0.05,0.1,0.8,0.8,0.2,1.0,0.04,0.01,0.05,0.04,0.05
Aaron Wan-Bissaka,Manchester United,ENG,DF,23.0,20,20,"1,793",19.9,0.0,0.0,0.0,0.0,0.0,2.0,0.0,0.0,0.0,0.0,0.0,0.0,0.2,0.2,0.9,1.1,0.01,0.05,0.06,0.01,0.06
Diogo Dalot,Manchester United,POR,DF,22.0,24,19,"1,801",20.0,0.0,0.0,0.0,0.0,0.0,4.0,0.0,0.0,0.0,0.0,0.0,0.0,0.7,0.7,1.0,1.7,0.03,0.05,0.08,0.03,0.08
Luke Shaw,Manchester United,ENG,DF,26.0,20,19,"1,601",17.8,0.0,3.0,0.0,0.0,0.0,8.0,0.0,0.0,0.17,0.17,0.0,0.17,0.2,0.2,3.2,3.4,0.01,0.18,0.19,0.01,0.19
Alex Telles,Manchester United,BRA,DF,28.0,21,18,"1,660",18.4,0.0,4.0,0.0,0.0,0.0,1.0,0.0,0.0,0.22,0.22,0.0,0.22,0.5,0.5,2.0,2.4,0.03,0.11,0.13,0.03,0.13
Nemanja Mati?,Manchester United,SRB,MF,32.0,23,16,"1,382",15.4,0.0,4.0,0.0,0.0,0.0,3.0,0.0,0.0,0.26,0.26,0.0,0.26,0.2,0.2,1.8,1.9,0.01,0.12,0.13,0.01,0.13
Paul Pogba,Manchester United,FRA,"MF,FW",28.0,20,16,"1,349",15.0,1.0,9.0,1.0,0.0,0.0,7.0,1.0,0.07,0.6,0.67,0.07,0.67,2.4,2.4,3.5,6.0,0.16,0.24,0.4,0.16,0.4
Mason Greenwood,Manchester United,ENG,"FW,MF",19.0,18,16,"1,271",14.1,5.0,1.0,5.0,0.0,0.0,1.0,0.0,0.35,0.07,0.42,0.35,0.42,4.4,4.4,1.6,6.0,0.31,0.11,0.42,0.31,0.42
Anthony Elanga,Manchester United,SWE,FW,19.0,21,14,"1,214",13.5,2.0,2.0,2.0,0.0,0.0,0.0,0.0,0.15,0.15,0.3,0.15,0.3,3.0,3.0,1.8,4.8,0.22,0.14,0.35,0.22,0.35
Marcus Rashford,Manchester United,ENG,"FW,MF",23.0,25,13,"1,235",13.7,4.0,2.0,4.0,0.0,0.0,2.0,0.0,0.29,0.15,0.44,0.29,0.44,2.4,2.4,2.0,4.4,0.18,0.14,0.32,0.18,0.32
Edinson Cavani,Manchester United,URU,FW,34.0,15,7,766,8.5,2.0,1.0,2.0,0.0,0.0,0.0,0.0,0.23,0.12,0.35,0.23,0.35,3.4,3.4,1.4,4.7,0.39,0.16,0.55,0.39,0.55
Eric Bailly,Manchester United,CIV,DF,27.0,4,3,217,2.4,0.0,0.0,0.0,0.0,0.0,1.0,0.0,0.0,0.0,0.0,0.0,0.0,0.0,0.0,0.0,0.0,0.0,0.0,0.0,0.0,0.0
Jesse Lingard,Manchester United,ENG,"FW,MF",28.0,16,2,367,4.1,2.0,0.0,2.0,0.0,0.0,1.0,0.0,0.49,0.0,0.49,0.49,0.49,0.7,0.7,0.4,1.1,0.17,0.1,0.26,0.17,0.26
Juan Mata,Manchester United,ESP,MF,33.0,7,2,235,2.6,0.0,0.0,0.0,0.0,0.0,0.0,0.0,0.0,0.0,0.0,0.0,0.0,0.3,0.3,0.2,0.5,0.11,0.06,0.17,0.11,0.17
Anthony Martial,Manchester United,FRA,FW,25.0,8,2,212,2.4,1.0,0.0,1.0,0.0,0.0,0.0,0.0,0.42,0.0,0.42,0.42,0.42,0.4,0.4,0.1,0.6,0.19,0.06,0.25,0.19,0.25
Phil Jones,Manchester United,ENG,DF,29.0,4,2,163,1.8,0.0,0.0,0.0,0.0,0.0,0.0,0.0,0.0,0.0,0.0,0.0,0.0,0.0,0.0,0.0,0.0,0.0,0.01,0.01,0.0,0.01
Daniel James,Manchester United,WAL,FW,23.0,2,2,126,1.4,0.0,0.0,0.0,0.0,0.0,0.0,0.0,0.0,0.0,0.0,0.0,0.0,0.2,0.2,0.0,0.3,0.17,0.01,0.19,0.17,0.19
Hannibal Mejbri,Manchester United,TUN,FW,18.0,2,1,68,0.8,0.0,0.0,0.0,0.0,0.0,2.0,0.0,0.0,0.0,0.0,0.0,0.0,0.1,0.1,0.0,0.1,0.12,0.0,0.12,0.12,0.12
Donny van de Beek,Manchester United,NED,MF,24.0,8,0,75,0.8,1.0,0.0,1.0,0.0,0.0,0.0,0.0,1.2,0.0,1.2,1.2,1.2,0.7,0.7,0.5,1.2,0.88,0.58,1.46,0.88,1.46
Shola Shoretire,Manchester United,ENG,FW,17.0,1,0,16,0.2,0.0,0.0,0.0,0.0,0.0,0.0,0.0,0.0,0.0,0.0,0.0,0.0,0.0,0.0,0.0,0.0,0.0,0.0,0.0,0.0,0.0
Alejandro Garnacho,Manchester United,ESP,FW,17.0,2,0,13,0.1,0.0,0.0,0.0,0.0,0.0,0.0,0.0,0.0,0.0,0.0,0.0,0.0,0.0,0.0,0.0,0.0,0.0,0.0,0.0,0.0,0.0
Allan Saint-Maximin,Newcastle United,FRA,"FW,MF",24.0,35,31,"2,804",31.2,5.0,5.0,5.0,0.0,0.0,6.0,0.0,0.16,0.16,0.32,0.16,0.32,5.1,5.1,5.8,10.9,0.16,0.19,0.35,0.16,0.35
Joelinton,Newcastle United,BRA,"MF,FW",24.0,35,30,"2,558",28.4,4.0,1.0,4.0,0.0,0.0,8.0,0.0,0.14,0.04,0.18,0.14,0.18,4.1,4.1,1.8,6.0,0.15,0.06,0.21,0.15,0.21
Martin Dúbravka,Newcastle United,SVK,GK,32.0,26,26,"2,340",26.0,0.0,0.0,0.0,0.0,0.0,1.0,0.0,0.0,0.0,0.0,0.0,0.0,0.0,0.0,0.1,0.1,0.0,0.0,0.0,0.0,0.0
Fabian Schär,Newcastle United,SUI,DF,29.0,25,25,"2,158",24.0,2.0,2.0,2.0,0.0,0.0,4.0,0.0,0.08,0.08,0.17,0.08,0.17,1.3,1.3,0.6,2.0,0.06,0.03,0.08,0.06,0.08
Joe Willock,Newcastle United,ENG,MF,21.0,29,24,"2,038",22.6,2.0,0.0,2.0,0.0,0.0,0.0,0.0,0.09,0.0,0.09,0.09,0.09,3.6,3.6,1.2,4.8,0.16,0.05,0.21,0.16,0.21
Jamaal Lascelles,Newcastle United,ENG,DF,27.0,26,22,"2,058",22.9,1.0,0.0,1.0,0.0,0.0,5.0,0.0,0.04,0.0,0.04,0.04,0.04,1.1,1.1,0.3,1.3,0.05,0.01,0.06,0.05,0.06
Jonjo Shelvey,Newcastle United,ENG,MF,29.0,24,22,"1,983",22.0,2.0,1.0,2.0,0.0,0.0,7.0,1.0,0.09,0.05,0.14,0.09,0.14,0.9,0.9,0.8,1.7,0.04,0.04,0.08,0.04,0.08
Miguel Almirón,Newcastle United,PAR,"MF,FW",27.0,30,19,"1,716",19.1,1.0,0.0,1.0,0.0,0.0,2.0,0.0,0.05,0.0,0.05,0.05,0.05,2.1,2.1,0.7,2.7,0.11,0.03,0.14,0.11,0.14
Emil Krafth,Newcastle United,SWE,DF,26.0,20,18,"1,634",18.2,0.0,1.0,0.0,0.0,0.0,5.0,0.0,0.0,0.06,0.06,0.0,0.06,0.2,0.2,0.8,1.0,0.01,0.04,0.06,0.01,0.06
Ryan Fraser,Newcastle United,SCO,"FW,MF",27.0,27,18,"1,465",16.3,2.0,3.0,2.0,0.0,0.0,3.0,0.0,0.12,0.18,0.31,0.12,0.31,2.8,2.8,2.2,5.1,0.17,0.14,0.31,0.17,0.31
Dan Burn,Newcastle United,ENG,DF,29.0,16,16,"1,440",16.0,0.0,1.0,0.0,0.0,0.0,4.0,0.0,0.0,0.06,0.06,0.0,0.06,0.5,0.5,0.1,0.6,0.03,0.01,0.04,0.03,0.04
Matt Targett,Newcastle United,ENG,DF,25.0,16,16,"1,440",16.0,0.0,0.0,0.0,0.0,0.0,1.0,0.0,0.0,0.0,0.0,0.0,0.0,0.3,0.3,1.6,1.9,0.02,0.1,0.12,0.02,0.12
Callum Wilson,Newcastle United,ENG,FW,29.0,18,16,"1,386",15.4,8.0,0.0,6.0,2.0,2.0,4.0,0.0,0.52,0.0,0.52,0.39,0.39,6.5,5.0,0.6,5.5,0.42,0.04,0.46,0.32,0.36
Sean Longstaff,Newcastle United,ENG,MF,23.0,24,15,"1,464",16.3,1.0,1.0,1.0,0.0,0.0,1.0,0.0,0.06,0.06,0.12,0.06,0.12,1.2,1.2,0.7,1.9,0.07,0.04,0.12,0.07,0.12
Chris Wood,Newcastle United,NZL,FW,29.0,17,15,"1,327",14.7,2.0,0.0,1.0,1.0,1.0,0.0,0.0,0.14,0.0,0.14,0.07,0.07,2.9,2.1,1.0,3.1,0.19,0.07,0.26,0.14,0.21
Javier Manquillo,Newcastle United,ESP,DF,27.0,19,15,"1,257",14.0,1.0,2.0,1.0,0.0,0.0,5.0,0.0,0.07,0.14,0.21,0.07,0.21,0.5,0.5,0.3,0.8,0.03,0.02,0.06,0.03,0.06
Matt Ritchie,Newcastle United,SCO,DF,31.0,18,14,"1,337",14.9,0.0,2.0,0.0,0.0,0.0,5.0,0.0,0.0,0.13,0.13,0.0,0.13,0.4,0.4,1.6,2.1,0.03,0.11,0.14,0.03,0.14
Jacob Murphy,Newcastle United,ENG,"FW,DF",26.0,33,13,"1,473",16.4,1.0,2.0,1.0,0.0,0.0,4.0,0.0,0.06,0.12,0.18,0.06,0.18,2.9,2.9,2.1,5.0,0.18,0.13,0.31,0.18,0.31
Ciaran Clark,Newcastle United,IRL,DF,31.0,13,12,"1,014",11.3,0.0,1.0,0.0,0.0,0.0,2.0,1.0,0.0,0.09,0.09,0.0,0.09,0.8,0.8,0.3,1.1,0.07,0.03,0.1,0.07,0.1
Isaac Hayden,Newcastle United,ENG,"MF,DF",26.0,14,12,"1,002",11.1,1.0,0.0,1.0,0.0,0.0,5.0,0.0,0.09,0.0,0.09,0.09,0.09,0.4,0.4,0.1,0.5,0.04,0.01,0.05,0.04,0.05
Bruno Guimarães,Newcastle United,BRA,MF,23.0,17,11,"1,034",11.5,5.0,1.0,5.0,0.0,0.0,4.0,0.0,0.44,0.09,0.52,0.44,0.52,2.9,2.9,1.8,4.7,0.25,0.16,0.41,0.25,0.41
Karl Darlow,Newcastle United,ENG,GK,30.0,8,8,720,8.0,0.0,0.0,0.0,0.0,0.0,1.0,0.0,0.0,0.0,0.0,0.0,0.0,0.0,0.0,0.0,0.0,0.0,0.0,0.0,0.0,0.0
Federico Fernández,Newcastle United,ARG,DF,32.0,7,5,523,5.8,0.0,0.0,0.0,0.0,0.0,0.0,0.0,0.0,0.0,0.0,0.0,0.0,0.4,0.4,0.3,0.8,0.07,0.06,0.13,0.07,0.13
Kieran Trippier,Newcastle United,ENG,DF,30.0,6,5,429,4.8,2.0,0.0,2.0,0.0,0.0,0.0,0.0,0.42,0.0,0.42,0.42,0.42,0.1,0.1,0.4,0.6,0.03,0.09,0.12,0.03,0.12
Freddie Woodman,Newcastle United,ENG,GK,24.0,4,4,360,4.0,0.0,0.0,0.0,0.0,0.0,0.0,0.0,0.0,0.0,0.0,0.0,0.0,0.0,0.0,0.0,0.0,0.0,0.0,0.0,0.0,0.0
Jamal Lewis,Newcastle United,NIR,DF,23.0,5,4,262,2.9,0.0,0.0,0.0,0.0,0.0,1.0,0.0,0.0,0.0,0.0,0.0,0.0,0.0,0.0,0.0,0.0,0.0,0.01,0.01,0.0,0.01
Paul Dummett,Newcastle United,WAL,DF,29.0,3,2,198,2.2,0.0,0.0,0.0,0.0,0.0,2.0,0.0,0.0,0.0,0.0,0.0,0.0,0.0,0.0,0.0,0.0,0.0,0.0,0.0,0.0,0.0
Jeff Hendrick,Newcastle United,IRL,MF,29.0,3,0,72,0.8,1.0,0.0,1.0,0.0,0.0,0.0,0.0,1.25,0.0,1.25,1.25,1.25,0.0,0.0,0.0,0.1,0.04,0.06,0.1,0.04,0.1
Dwight Gayle,Newcastle United,ENG,FW,30.0,8,0,38,0.4,0.0,0.0,0.0,0.0,0.0,1.0,0.0,0.0,0.0,0.0,0.0,0.0,0.3,0.3,0.5,0.8,0.71,1.19,1.89,0.71,1.89
Teemu Pukki,Norwich City,FIN,FW,31.0,37,37,"3,253",36.1,11.0,3.0,8.0,3.0,3.0,4.0,0.0,0.3,0.08,0.39,0.22,0.3,11.5,9.2,2.8,12.0,0.32,0.08,0.4,0.26,0.33
Grant Hanley,Norwich City,SCO,DF,29.0,33,33,"2,897",32.2,1.0,0.0,1.0,0.0,0.0,2.0,0.0,0.03,0.0,0.03,0.03,0.03,1.9,1.9,0.3,2.1,0.06,0.01,0.07,0.06,0.07
Max Aarons,Norwich City,ENG,DF,21.0,34,32,"2,881",32.0,0.0,2.0,0.0,0.0,0.0,8.0,0.0,0.0,0.06,0.06,0.0,0.06,0.7,0.7,1.4,2.1,0.02,0.04,0.07,0.02,0.07
Kenny McLean,Norwich City,SCO,MF,29.0,31,29,"2,706",30.1,1.0,0.0,1.0,0.0,0.0,3.0,0.0,0.03,0.0,0.03,0.03,0.03,1.9,1.9,0.7,2.6,0.06,0.02,0.09,0.06,0.09
Tim Krul,Norwich City,NED,GK,33.0,29,29,"2,610",29.0,0.0,0.0,0.0,0.0,0.0,1.0,0.0,0.0,0.0,0.0,0.0,0.0,0.0,0.0,0.4,0.4,0.0,0.01,0.01,0.0,0.01
Ben Gibson,Norwich City,ENG,DF,28.0,28,28,"2,494",27.7,0.0,0.0,0.0,0.0,0.0,5.0,1.0,0.0,0.0,0.0,0.0,0.0,1.2,1.2,0.0,1.2,0.04,0.0,0.04,0.04,0.04
Pierre Lees-Melou,Norwich City,FRA,MF,28.0,33,27,"2,265",25.2,1.0,0.0,1.0,0.0,0.0,5.0,0.0,0.04,0.0,0.04,0.04,0.04,1.6,1.6,1.8,3.4,0.06,0.07,0.14,0.06,0.14
Milot Rashica,Norwich City,KVX,"FW,MF",25.0,31,25,"2,229",24.8,1.0,2.0,1.0,0.0,0.0,0.0,0.0,0.04,0.08,0.12,0.04,0.12,2.7,2.7,2.6,5.3,0.11,0.1,0.21,0.11,0.21
Brandon Williams,Norwich City,ENG,DF,20.0,26,23,"2,120",23.6,0.0,1.0,0.0,0.0,0.0,8.0,0.0,0.0,0.04,0.04,0.0,0.04,0.2,0.2,1.3,1.5,0.01,0.05,0.06,0.01,0.06
Billy Gilmour,Norwich City,SCO,MF,20.0,24,21,"1,855",20.6,0.0,1.0,0.0,0.0,0.0,2.0,0.0,0.0,0.05,0.05,0.0,0.05,1.0,1.0,2.0,3.0,0.05,0.1,0.14,0.05,0.14
Mathias Normann,Norwich City,NOR,MF,25.0,23,20,"1,645",18.3,1.0,2.0,1.0,0.0,0.0,6.0,0.0,0.05,0.11,0.16,0.05,0.16,0.9,0.9,1.8,2.8,0.05,0.1,0.15,0.05,0.15
Josh Sargent,Norwich City,USA,"FW,MF",21.0,26,18,"1,572",17.5,2.0,1.0,2.0,0.0,0.0,1.0,0.0,0.11,0.06,0.17,0.11,0.17,2.7,2.7,0.7,3.5,0.16,0.04,0.2,0.16,0.2
Dimitris Giannoulis,Norwich City,GRE,DF,25.0,18,14,"1,169",13.0,0.0,1.0,0.0,0.0,0.0,2.0,0.0,0.0,0.08,0.08,0.0,0.08,0.2,0.2,0.5,0.6,0.01,0.04,0.05,0.01,0.05
Sam Byram,Norwich City,ENG,DF,27.0,15,11,"1,027",11.4,0.0,0.0,0.0,0.0,0.0,3.0,0.0,0.0,0.0,0.0,0.0,0.0,0.9,0.9,0.2,1.1,0.08,0.02,0.1,0.08,0.1
Ozan Kabak,Norwich City,TUR,DF,21.0,11,11,922,10.2,0.0,0.0,0.0,0.0,0.0,2.0,0.0,0.0,0.0,0.0,0.0,0.0,0.2,0.2,0.0,0.2,0.02,0.0,0.02,0.02,0.02
Kieran Dowell,Norwich City,ENG,"FW,MF",23.0,19,11,912,10.1,1.0,1.0,1.0,0.0,0.0,0.0,0.0,0.1,0.1,0.2,0.1,0.2,1.2,1.2,2.0,3.2,0.12,0.2,0.31,0.12,0.31
Angus Gunn,Norwich City,ENG,GK,25.0,9,9,810,9.0,0.0,0.0,0.0,0.0,0.0,0.0,0.0,0.0,0.0,0.0,0.0,0.0,0.0,0.0,0.0,0.0,0.0,0.0,0.0,0.0,0.0
Lukas Rupp,Norwich City,GER,MF,30.0,19,7,769,8.5,0.0,0.0,0.0,0.0,0.0,0.0,0.0,0.0,0.0,0.0,0.0,0.0,0.7,0.7,1.2,1.9,0.08,0.14,0.22,0.08,0.22
Adam Idah,Norwich City,IRL,"FW,MF",20.0,17,6,625,6.9,1.0,1.0,1.0,0.0,0.0,0.0,0.0,0.14,0.14,0.29,0.14,0.29,2.0,2.0,0.6,2.6,0.28,0.09,0.37,0.28,0.37
Jakob Sørensen,Norwich City,DEN,"MF,DF",23.0,10,6,604,6.7,0.0,0.0,0.0,0.0,0.0,0.0,0.0,0.0,0.0,0.0,0.0,0.0,0.4,0.4,0.0,0.4,0.06,0.0,0.06,0.06,0.06
Przemys?aw P?acheta,Norwich City,POL,"FW,MF",23.0,12,6,504,5.6,0.0,0.0,0.0,0.0,0.0,1.0,0.0,0.0,0.0,0.0,0.0,0.0,0.5,0.5,0.7,1.3,0.1,0.13,0.23,0.1,0.23
Todd Cantwell,Norwich City,ENG,"FW,MF",23.0,8,5,441,4.9,0.0,0.0,0.0,0.0,0.0,2.0,0.0,0.0,0.0,0.0,0.0,0.0,0.2,0.2,0.2,0.4,0.03,0.04,0.07,0.03,0.07
Andrew Omobamidele,Norwich City,IRL,DF,19.0,5,4,382,4.2,1.0,0.0,1.0,0.0,0.0,1.0,0.0,0.24,0.0,0.24,0.24,0.24,0.3,0.3,0.0,0.3,0.08,0.0,0.08,0.08,0.08
Christos Tzolis,Norwich City,GRE,"FW,MF",19.0,14,3,336,3.7,0.0,0.0,0.0,0.0,0.0,0.0,0.0,0.0,0.0,0.0,0.0,0.0,0.5,0.5,1.0,1.4,0.13,0.26,0.38,0.13,0.38
Christoph Zimmermann,Norwich City,GER,DF,28.0,3,2,157,1.7,0.0,0.0,0.0,0.0,0.0,0.0,0.0,0.0,0.0,0.0,0.0,0.0,0.1,0.1,0.0,0.1,0.04,0.0,0.04,0.04,0.04
Tony Springett,Norwich City,ENG,"FW,MF",18.0,3,1,141,1.6,0.0,0.0,0.0,0.0,0.0,1.0,0.0,0.0,0.0,0.0,0.0,0.0,0.3,0.3,0.4,0.6,0.17,0.22,0.4,0.17,0.4
Jon Rowe,Norwich City,ENG,"FW,MF",18.0,13,0,223,2.5,0.0,1.0,0.0,0.0,0.0,0.0,0.0,0.0,0.4,0.4,0.0,0.4,0.4,0.4,0.3,0.7,0.16,0.14,0.3,0.16,0.3
Bali Mumba,Norwich City,ENG,DF,19.0,1,0,45,0.5,0.0,0.0,0.0,0.0,0.0,0.0,0.0,0.0,0.0,0.0,0.0,0.0,0.0,0.0,0.0,0.0,0.0,0.0,0.0,0.0,0.0
James Ward-Prowse,Southampton,ENG,MF,26.0,36,36,"3,215",35.7,10.0,5.0,6.0,4.0,4.0,3.0,1.0,0.28,0.14,0.42,0.17,0.31,5.4,2.3,6.2,8.5,0.15,0.17,0.32,0.07,0.24
Oriol Romeu,Southampton,ESP,MF,29.0,36,34,"2,889",32.1,2.0,2.0,2.0,0.0,0.0,9.0,0.0,0.06,0.06,0.12,0.06,0.12,1.3,1.3,2.8,4.1,0.04,0.09,0.13,0.04,0.13
Mohammed Salisu,Southampton,GHA,DF,22.0,34,33,"2,972",33.0,0.0,0.0,0.0,0.0,0.0,10.0,1.0,0.0,0.0,0.0,0.0,0.0,1.8,1.8,0.5,2.3,0.06,0.02,0.07,0.06,0.07
Jan Bednarek,Southampton,POL,DF,25.0,31,30,"2,629",29.2,4.0,0.0,4.0,0.0,0.0,10.0,0.0,0.14,0.0,0.14,0.14,0.14,2.4,2.4,0.6,3.0,0.08,0.02,0.1,0.08,0.1
Kyle Walker-Peters,Southampton,ENG,DF,24.0,32,29,"2,633",29.3,1.0,2.0,1.0,0.0,0.0,5.0,0.0,0.03,0.07,0.1,0.03,0.1,1.0,1.0,2.9,3.8,0.03,0.1,0.13,0.03,0.13
Valentino Livramento,Southampton,ENG,DF,18.0,28,25,"2,202",24.5,1.0,1.0,1.0,0.0,0.0,2.0,0.0,0.04,0.04,0.08,0.04,0.08,1.2,1.2,2.3,3.4,0.05,0.09,0.14,0.05,0.14
Mohamed Elyounoussi,Southampton,NOR,"MF,FW",26.0,30,23,"2,042",22.7,4.0,2.0,4.0,0.0,0.0,4.0,0.0,0.18,0.09,0.26,0.18,0.26,6.0,6.0,2.5,8.5,0.26,0.11,0.37,0.26,0.37
Che Adams,Southampton,SCO,FW,25.0,30,23,"2,039",22.7,7.0,3.0,7.0,0.0,0.0,0.0,0.0,0.31,0.13,0.44,0.31,0.44,7.1,7.1,2.6,9.7,0.31,0.12,0.43,0.31,0.43
Armando Broja,Southampton,ALB,FW,19.0,32,21,"1,975",21.9,6.0,0.0,6.0,0.0,0.0,2.0,0.0,0.27,0.0,0.27,0.27,0.27,7.0,7.0,1.3,8.4,0.32,0.06,0.38,0.32,0.38
Nathan Redmond,Southampton,ENG,"MF,FW",27.0,27,20,"1,833",20.4,1.0,5.0,1.0,0.0,0.0,0.0,0.0,0.05,0.25,0.29,0.05,0.29,1.9,1.9,4.3,6.3,0.09,0.21,0.31,0.09,0.31
Fraser Forster,Southampton,ENG,GK,33.0,19,19,"1,710",19.0,0.0,0.0,0.0,0.0,0.0,1.0,0.0,0.0,0.0,0.0,0.0,0.0,0.0,0.0,0.0,0.0,0.0,0.0,0.0,0.0,0.0
Romain Perraud,Southampton,FRA,DF,23.0,20,18,"1,623",18.0,0.0,1.0,0.0,0.0,0.0,3.0,0.0,0.0,0.06,0.06,0.0,0.06,0.9,0.9,0.6,1.5,0.05,0.03,0.08,0.05,0.08
Alex McCarthy,Southampton,ENG,GK,31.0,17,17,"1,530",17.0,0.0,0.0,0.0,0.0,0.0,1.0,0.0,0.0,0.0,0.0,0.0,0.0,0.0,0.0,0.0,0.0,0.0,0.0,0.0,0.0,0.0
Adam Armstrong,Southampton,ENG,FW,24.0,23,17,"1,413",15.7,2.0,2.0,2.0,0.0,0.0,1.0,0.0,0.13,0.13,0.25,0.13,0.25,4.3,4.3,1.7,6.0,0.27,0.11,0.38,0.27,0.38
Stuart Armstrong,Southampton,SCO,MF,29.0,25,15,"1,473",16.4,2.0,0.0,2.0,0.0,0.0,1.0,0.0,0.12,0.0,0.12,0.12,0.12,2.8,2.8,1.4,4.1,0.17,0.08,0.25,0.17,0.25
Ibrahima Diallo,Southampton,FRA,MF,22.0,23,10,"1,023",11.4,0.0,2.0,0.0,0.0,0.0,1.0,0.0,0.0,0.18,0.18,0.0,0.18,0.5,0.5,1.0,1.4,0.04,0.09,0.13,0.04,0.13
Nathan Tella,Southampton,ENG,"MF,FW",22.0,14,10,804,8.9,0.0,1.0,0.0,0.0,0.0,2.0,0.0,0.0,0.11,0.11,0.0,0.11,0.5,0.5,0.7,1.3,0.06,0.08,0.14,0.06,0.14
Lyanco,Southampton,BRA,DF,24.0,15,9,911,10.1,0.0,0.0,0.0,0.0,0.0,2.0,0.0,0.0,0.0,0.0,0.0,0.0,0.2,0.2,0.1,0.4,0.02,0.01,0.04,0.02,0.04
Jack Stephens,Southampton,ENG,DF,27.0,11,9,811,9.0,0.0,0.0,0.0,0.0,0.0,3.0,0.0,0.0,0.0,0.0,0.0,0.0,0.0,0.0,0.3,0.3,0.0,0.03,0.03,0.0,0.03
Moussa Djenepo,Southampton,MLI,MF,23.0,12,5,457,5.1,0.0,0.0,0.0,0.0,0.0,3.0,0.0,0.0,0.0,0.0,0.0,0.0,1.5,1.5,0.2,1.7,0.3,0.05,0.34,0.3,0.34
Theo Walcott,Southampton,ENG,"MF,FW",32.0,9,5,379,4.2,0.0,0.0,0.0,0.0,0.0,0.0,0.0,0.0,0.0,0.0,0.0,0.0,0.7,0.7,0.0,0.7,0.17,0.01,0.18,0.17,0.18
Yan Valery,Southampton,FRA,DF,22.0,5,3,370,4.1,0.0,0.0,0.0,0.0,0.0,0.0,0.0,0.0,0.0,0.0,0.0,0.0,0.0,0.0,0.1,0.1,0.01,0.02,0.03,0.01,0.03
Shane Long,Southampton,IRL,FW,34.0,13,3,308,3.4,1.0,0.0,1.0,0.0,0.0,1.0,0.0,0.29,0.0,0.29,0.29,0.29,1.0,1.0,0.1,1.1,0.29,0.03,0.32,0.29,0.32
Willy Caballero,Southampton,ARG,GK,39.0,2,2,180,2.0,0.0,0.0,0.0,0.0,0.0,1.0,0.0,0.0,0.0,0.0,0.0,0.0,0.0,0.0,0.0,0.0,0.0,0.0,0.0,0.0,0.0
William Smallbone,Southampton,IRL,"MF,FW",21.0,4,2,133,1.5,0.0,0.0,0.0,0.0,0.0,0.0,0.0,0.0,0.0,0.0,0.0,0.0,0.1,0.1,0.1,0.2,0.05,0.06,0.12,0.05,0.12
Hugo Lloris,Tottenham Hotspur,FRA,GK,34.0,38,38,"3,420",38.0,0.0,0.0,0.0,0.0,0.0,2.0,0.0,0.0,0.0,0.0,0.0,0.0,0.0,0.0,0.5,0.5,0.0,0.01,0.01,0.0,0.01
Harry Kane,Tottenham Hotspur,ENG,FW,28.0,37,36,"3,232",35.9,17.0,9.0,13.0,4.0,4.0,5.0,0.0,0.47,0.25,0.72,0.36,0.61,20.1,17.1,9.0,26.1,0.56,0.25,0.81,0.48,0.73
Pierre Højbjerg,Tottenham Hotspur,DEN,MF,25.0,36,36,"3,196",35.5,2.0,2.0,2.0,0.0,0.0,3.0,0.0,0.06,0.06,0.11,0.06,0.11,2.0,2.0,2.5,4.5,0.06,0.07,0.13,0.06,0.13
Eric Dier,Tottenham Hotspur,ENG,DF,27.0,35,35,"3,071",34.1,0.0,0.0,0.0,0.0,0.0,1.0,0.0,0.0,0.0,0.0,0.0,0.0,1.0,1.0,1.4,2.4,0.03,0.04,0.07,0.03,0.07
Son Heung-min,Tottenham Hotspur,KOR,"FW,MF",29.0,35,35,"3,006",33.4,23.0,7.0,23.0,0.0,0.0,2.0,0.0,0.69,0.21,0.9,0.69,0.9,16.4,16.4,8.1,24.5,0.49,0.24,0.73,0.49,0.73
Ben Davies,Tottenham Hotspur,WAL,DF,28.0,29,28,"2,538",28.2,1.0,1.0,1.0,0.0,0.0,6.0,0.0,0.04,0.04,0.07,0.04,0.07,1.8,1.8,0.6,2.3,0.06,0.02,0.08,0.06,0.08
Emerson,Tottenham Hotspur,BRA,DF,22.0,31,26,"2,286",25.4,1.0,1.0,1.0,0.0,0.0,5.0,0.0,0.04,0.04,0.08,0.04,0.08,1.5,1.5,2.1,3.6,0.06,0.08,0.14,0.06,0.14
Sergio Reguilón,Tottenham Hotspur,ESP,DF,24.0,25,22,"1,916",21.3,2.0,3.0,2.0,0.0,0.0,4.0,0.0,0.09,0.14,0.23,0.09,0.23,3.0,3.0,4.0,7.0,0.14,0.19,0.33,0.14,0.33
Cristian Romero,Tottenham Hotspur,ARG,DF,23.0,22,21,"1,844",20.5,1.0,0.0,1.0,0.0,0.0,8.0,0.0,0.05,0.0,0.05,0.05,0.05,0.7,0.7,0.5,1.1,0.03,0.02,0.05,0.03,0.05
Lucas Moura,Tottenham Hotspur,BRA,"FW,MF",28.0,34,19,"1,775",19.7,2.0,6.0,2.0,0.0,0.0,4.0,0.0,0.1,0.3,0.41,0.1,0.41,3.7,3.7,4.4,8.1,0.19,0.23,0.41,0.19,0.41
Davinson Sánchez,Tottenham Hotspur,COL,DF,25.0,23,17,"1,631",18.1,2.0,0.0,2.0,0.0,0.0,4.0,0.0,0.11,0.0,0.11,0.11,0.11,2.1,2.1,0.4,2.5,0.11,0.02,0.14,0.11,0.14
Rodrigo Bentancur,Tottenham Hotspur,URU,MF,24.0,17,16,"1,361",15.1,0.0,4.0,0.0,0.0,0.0,5.0,0.0,0.0,0.26,0.26,0.0,0.26,0.9,0.9,2.3,3.2,0.06,0.15,0.21,0.06,0.21
Oliver Skipp,Tottenham Hotspur,ENG,MF,20.0,18,14,"1,350",15.0,0.0,0.0,0.0,0.0,0.0,6.0,0.0,0.0,0.0,0.0,0.0,0.0,0.2,0.2,0.9,1.1,0.01,0.06,0.07,0.01,0.07
Dejan Kulusevski,Tottenham Hotspur,SWE,"MF,FW",21.0,18,14,"1,261",14.0,5.0,8.0,5.0,0.0,0.0,3.0,0.0,0.36,0.57,0.93,0.36,0.93,3.4,3.4,3.5,6.9,0.24,0.25,0.5,0.24,0.5
Ryan Sessegnon,Tottenham Hotspur,ENG,DF,21.0,15,13,"1,047",11.6,0.0,2.0,0.0,0.0,0.0,2.0,0.0,0.0,0.17,0.17,0.0,0.17,0.4,0.4,2.9,3.3,0.03,0.25,0.28,0.03,0.28
Japhet Tanganga,Tottenham Hotspur,ENG,DF,22.0,11,10,735,8.2,0.0,0.0,0.0,0.0,0.0,4.0,1.0,0.0,0.0,0.0,0.0,0.0,0.4,0.4,0.4,0.7,0.05,0.05,0.09,0.05,0.09
Harry Winks,Tottenham Hotspur,ENG,MF,25.0,19,9,912,10.1,0.0,1.0,0.0,0.0,0.0,2.0,0.0,0.0,0.1,0.1,0.0,0.1,0.1,0.1,1.5,1.6,0.01,0.15,0.16,0.01,0.16
Matt Doherty,Tottenham Hotspur,IRL,DF,29.0,15,9,875,9.7,2.0,4.0,2.0,0.0,0.0,0.0,0.0,0.21,0.41,0.62,0.21,0.62,2.5,2.5,1.8,4.3,0.26,0.18,0.44,0.26,0.44
Dele Alli,Tottenham Hotspur,ENG,"MF,FW",25.0,10,8,657,7.3,1.0,0.0,0.0,1.0,1.0,1.0,0.0,0.14,0.0,0.14,0.0,0.0,1.5,0.7,0.8,1.5,0.2,0.11,0.31,0.1,0.21
Tanguy Ndombele,Tottenham Hotspur,FRA,MF,24.0,9,6,484,5.4,1.0,1.0,1.0,0.0,0.0,1.0,0.0,0.19,0.19,0.37,0.19,0.37,0.5,0.5,0.4,0.9,0.09,0.07,0.16,0.09,0.16
Steven Bergwijn,Tottenham Hotspur,NED,"FW,MF",23.0,25,4,565,6.3,3.0,1.0,3.0,0.0,0.0,1.0,0.0,0.48,0.16,0.64,0.48,0.64,3.1,3.1,0.7,3.7,0.49,0.11,0.59,0.49,0.59
Giovani Lo Celso,Tottenham Hotspur,ARG,"MF,FW",25.0,9,2,238,2.6,0.0,0.0,0.0,0.0,0.0,0.0,0.0,0.0,0.0,0.0,0.0,0.0,0.7,0.7,0.6,1.4,0.28,0.24,0.52,0.28,0.52
Bryan,Tottenham Hotspur,ESP,"FW,MF",20.0,9,0,94,1.0,0.0,0.0,0.0,0.0,0.0,0.0,0.0,0.0,0.0,0.0,0.0,0.0,0.0,0.0,0.1,0.1,0.03,0.07,0.1,0.03,0.1
Joe Rodon,Tottenham Hotspur,WAL,DF,23.0,3,0,89,1.0,0.0,0.0,0.0,0.0,0.0,0.0,0.0,0.0,0.0,0.0,0.0,0.0,0.0,0.0,0.0,0.0,0.0,0.0,0.0,0.0,0.0
Dane Scarlett,Tottenham Hotspur,ENG,MF,17.0,1,0,4,0.0,0.0,0.0,0.0,0.0,0.0,0.0,0.0,0.0,0.0,0.0,0.0,0.0,0.0,0.0,0.0,0.0,0.0,0.0,0.0,0.0,0.0
Moussa Sissoko,Watford,FRA,MF,31.0,36,36,"3,220",35.8,2.0,1.0,2.0,0.0,0.0,5.0,0.0,0.06,0.03,0.08,0.06,0.08,3.4,3.4,2.8,6.2,0.1,0.08,0.17,0.1,0.17
Emmanuel Dennis,Watford,NGA,"FW,MF",23.0,33,30,"2,581",28.7,10.0,6.0,10.0,0.0,0.0,9.0,1.0,0.35,0.21,0.56,0.35,0.56,7.5,7.5,3.2,10.7,0.26,0.11,0.37,0.26,0.37
Craig Cathcart,Watford,NIR,DF,32.0,31,27,"2,396",26.6,0.0,1.0,0.0,0.0,0.0,3.0,0.0,0.0,0.04,0.04,0.0,0.04,0.1,0.1,0.3,0.5,0.0,0.01,0.02,0.0,0.02
Joshua King,Watford,NOR,FW,29.0,32,27,"2,248",25.0,5.0,3.0,4.0,1.0,1.0,5.0,0.0,0.2,0.12,0.32,0.16,0.28,8.0,7.2,3.2,10.4,0.32,0.13,0.45,0.29,0.42
Ben Foster,Watford,ENG,GK,38.0,26,26,"2,340",26.0,0.0,1.0,0.0,0.0,0.0,0.0,0.0,0.0,0.04,0.04,0.0,0.04,0.0,0.0,0.2,0.2,0.0,0.01,0.01,0.0,0.01
Kiko Femenía,Watford,ESP,DF,30.0,27,26,"2,142",23.8,0.0,5.0,0.0,0.0,0.0,2.0,0.0,0.0,0.21,0.21,0.0,0.21,0.1,0.1,3.2,3.3,0.0,0.14,0.14,0.0,0.14
Juraj Kucka,Watford,SVK,MF,34.0,26,22,"1,920",21.3,1.0,1.0,1.0,0.0,0.0,5.0,1.0,0.05,0.05,0.09,0.05,0.09,3.1,3.1,0.9,4.1,0.15,0.04,0.19,0.15,0.19
Ismaila Sarr,Watford,SEN,"FW,MF",23.0,22,21,"1,861",20.7,5.0,2.0,5.0,0.0,1.0,2.0,0.0,0.24,0.1,0.34,0.24,0.34,4.2,3.5,2.5,6.0,0.2,0.12,0.33,0.17,0.29
Tom Cleverley,Watford,ENG,MF,31.0,28,20,"1,616",18.0,0.0,2.0,0.0,0.0,0.0,2.0,0.0,0.0,0.11,0.11,0.0,0.11,0.8,0.8,2.0,2.9,0.05,0.11,0.16,0.05,0.16
Samir Santos,Watford,BRA,DF,26.0,19,19,"1,673",18.6,0.0,0.0,0.0,0.0,0.0,4.0,0.0,0.0,0.0,0.0,0.0,0.0,0.3,0.3,0.1,0.5,0.02,0.01,0.02,0.02,0.02
Hassane Kamara,Watford,CIV,DF,27.0,19,18,"1,623",18.0,1.0,0.0,1.0,0.0,0.0,5.0,1.0,0.06,0.0,0.06,0.06,0.06,0.2,0.2,0.4,0.6,0.01,0.02,0.03,0.01,0.03
Imran Louza,Watford,MAR,MF,22.0,20,17,"1,416",15.7,0.0,0.0,0.0,0.0,0.0,6.0,0.0,0.0,0.0,0.0,0.0,0.0,1.1,1.1,1.0,2.1,0.07,0.07,0.14,0.07,0.14
João Pedro,Watford,BRA,"FW,MF",19.0,28,15,"1,644",18.3,3.0,1.0,3.0,0.0,0.0,1.0,0.0,0.16,0.05,0.22,0.16,0.22,4.2,4.2,2.6,6.8,0.23,0.14,0.37,0.23,0.37
William Troost-Ekong,Watford,NGA,DF,27.0,17,15,"1,390",15.4,0.0,0.0,0.0,0.0,0.0,3.0,0.0,0.0,0.0,0.0,0.0,0.0,0.1,0.1,0.1,0.2,0.01,0.01,0.01,0.01,0.01
Adam Masina,Watford,MAR,DF,27.0,15,13,"1,077",12.0,0.0,1.0,0.0,0.0,0.0,0.0,0.0,0.0,0.08,0.08,0.0,0.08,0.4,0.4,0.7,1.1,0.03,0.06,0.09,0.03,0.09
Christian Kabasele,Watford,BEL,DF,30.0,16,12,"1,193",13.3,0.0,0.0,0.0,0.0,0.0,0.0,0.0,0.0,0.0,0.0,0.0,0.0,0.7,0.7,0.0,0.8,0.05,0.0,0.06,0.05,0.06
Daniel Bachmann,Watford,AUT,GK,27.0,12,12,"1,080",12.0,0.0,0.0,0.0,0.0,0.0,0.0,0.0,0.0,0.0,0.0,0.0,0.0,0.0,0.0,0.0,0.0,0.0,0.0,0.0,0.0,0.0
Cucho,Watford,COL,"FW,MF",22.0,25,11,"1,147",12.7,5.0,2.0,5.0,0.0,0.0,3.0,0.0,0.39,0.16,0.55,0.39,0.55,2.5,2.5,1.9,4.4,0.2,0.15,0.35,0.2,0.35
Jeremy Ngakia,Watford,ENG,DF,20.0,16,9,903,10.0,0.0,0.0,0.0,0.0,0.0,0.0,0.0,0.0,0.0,0.0,0.0,0.0,0.1,0.1,0.5,0.6,0.01,0.05,0.06,0.01,0.06
Edo Kayembe,Watford,COD,MF,22.0,13,9,799,8.9,0.0,0.0,0.0,0.0,0.0,0.0,0.0,0.0,0.0,0.0,0.0,0.0,0.2,0.2,0.3,0.5,0.02,0.03,0.06,0.02,0.06
Ken Sema,Watford,SWE,"MF,FW",27.0,18,7,852,9.5,0.0,0.0,0.0,0.0,0.0,1.0,0.0,0.0,0.0,0.0,0.0,0.0,0.2,0.2,1.2,1.4,0.02,0.13,0.14,0.02,0.14
Danny Rose,Watford,ENG,DF,31.0,8,7,689,7.7,0.0,0.0,0.0,0.0,0.0,4.0,0.0,0.0,0.0,0.0,0.0,0.0,0.2,0.2,0.8,0.9,0.02,0.1,0.12,0.02,0.12
Francisco Sierralta,Watford,CHI,DF,24.0,5,5,427,4.7,0.0,0.0,0.0,0.0,0.0,0.0,0.0,0.0,0.0,0.0,0.0,0.0,0.0,0.0,0.0,0.0,0.01,0.0,0.01,0.01,0.01
Oghenekaro Etebo,Watford,NGA,MF,25.0,9,4,401,4.5,0.0,0.0,0.0,0.0,0.0,3.0,0.0,0.0,0.0,0.0,0.0,0.0,0.0,0.0,0.1,0.1,0.01,0.01,0.02,0.01,0.02
Ozan Tufan,Watford,TUR,MF,26.0,7,4,334,3.7,0.0,0.0,0.0,0.0,0.0,0.0,0.0,0.0,0.0,0.0,0.0,0.0,0.5,0.5,0.2,0.8,0.14,0.07,0.2,0.14,0.2
Samuel Kalu,Watford,NGA,FW,23.0,4,2,222,2.5,0.0,0.0,0.0,0.0,0.0,0.0,0.0,0.0,0.0,0.0,0.0,0.0,0.3,0.3,0.2,0.4,0.12,0.06,0.18,0.12,0.18
Nicolas Nkoulou,Watford,CMR,DF,31.0,3,2,168,1.9,0.0,0.0,0.0,0.0,0.0,0.0,0.0,0.0,0.0,0.0,0.0,0.0,0.0,0.0,0.0,0.0,0.0,0.01,0.01,0.0,0.01
Dan Gosling,Watford,ENG,MF,31.0,4,2,166,1.8,1.0,0.0,1.0,0.0,0.0,0.0,0.0,0.54,0.0,0.54,0.54,0.54,0.2,0.2,0.0,0.2,0.1,0.01,0.11,0.1,0.11
Ashley Fletcher,Watford,ENG,FW,25.0,3,0,30,0.3,0.0,0.0,0.0,0.0,0.0,0.0,0.0,0.0,0.0,0.0,0.0,0.0,0.4,0.4,0.0,0.4,1.16,0.0,1.16,1.16,1.16
Troy Deeney,Watford,ENG,FW,33.0,2,0,25,0.3,0.0,0.0,0.0,0.0,0.0,0.0,0.0,0.0,0.0,0.0,0.0,0.0,0.4,0.4,0.1,0.5,1.45,0.32,1.77,1.45,1.77
?ukasz Fabia?ski,West Ham United,POL,GK,36.0,37,37,"3,330",37.0,0.0,0.0,0.0,0.0,0.0,2.0,0.0,0.0,0.0,0.0,0.0,0.0,0.0,0.0,0.0,0.0,0.0,0.0,0.0,0.0,0.0
Declan Rice,West Ham United,ENG,MF,22.0,36,35,"3,179",35.3,1.0,4.0,1.0,0.0,0.0,8.0,0.0,0.03,0.11,0.14,0.03,0.14,1.1,1.1,2.0,3.0,0.03,0.06,0.09,0.03,0.09
Tomáš Sou?ek,West Ham United,CZE,MF,26.0,35,34,"3,062",34.0,5.0,1.0,5.0,0.0,0.0,3.0,0.0,0.15,0.03,0.18,0.15,0.18,4.8,4.4,1.5,5.9,0.14,0.05,0.19,0.13,0.17
Jarrod Bowen,West Ham United,ENG,FW,24.0,36,34,"2,983",33.1,12.0,10.0,12.0,0.0,0.0,6.0,0.0,0.36,0.3,0.66,0.36,0.66,11.1,11.1,5.7,16.8,0.34,0.17,0.51,0.34,0.51
Michail Antonio,West Ham United,JAM,FW,31.0,36,34,"2,971",33.0,10.0,8.0,10.0,0.0,1.0,8.0,1.0,0.3,0.24,0.55,0.3,0.55,11.1,10.8,6.6,17.5,0.34,0.2,0.54,0.33,0.53
Pablo Fornals,West Ham United,ESP,"FW,MF",25.0,36,32,"2,795",31.1,6.0,3.0,6.0,0.0,0.0,4.0,0.0,0.19,0.1,0.29,0.19,0.29,5.0,5.0,5.6,10.6,0.16,0.18,0.34,0.16,0.34
Aaron Cresswell,West Ham United,ENG,DF,31.0,31,31,"2,726",30.3,2.0,3.0,2.0,0.0,0.0,3.0,0.0,0.07,0.1,0.17,0.07,0.17,1.1,1.1,3.2,4.3,0.04,0.11,0.14,0.04,0.14
Craig Dawson,West Ham United,ENG,DF,31.0,34,30,"2,754",30.6,2.0,2.0,2.0,0.0,0.0,5.0,1.0,0.07,0.07,0.13,0.07,0.13,2.9,2.9,0.5,3.3,0.09,0.01,0.11,0.09,0.11
Saïd Benrahma,West Ham United,ALG,"FW,MF",25.0,32,26,"2,168",24.1,8.0,6.0,8.0,0.0,0.0,0.0,0.0,0.33,0.25,0.58,0.33,0.58,5.1,5.1,3.2,8.3,0.21,0.13,0.35,0.21,0.35
Vladimír Coufal,West Ham United,CZE,DF,28.0,28,25,"2,209",24.5,0.0,4.0,0.0,0.0,0.0,5.0,1.0,0.0,0.16,0.16,0.0,0.16,0.6,0.6,2.4,3.0,0.02,0.1,0.12,0.02,0.12
Kurt Zouma,West Ham United,FRA,DF,26.0,24,24,"2,078",23.1,1.0,0.0,1.0,0.0,0.0,1.0,0.0,0.04,0.0,0.04,0.04,0.04,0.9,0.9,0.0,0.9,0.04,0.0,0.04,0.04,0.04
Manuel Lanzini,West Ham United,ARG,"MF,FW",28.0,30,19,"1,786",19.8,5.0,3.0,2.0,3.0,3.0,2.0,0.0,0.25,0.15,0.4,0.1,0.25,3.4,1.1,2.2,3.3,0.17,0.11,0.28,0.06,0.17
Ben Johnson,West Ham United,ENG,DF,21.0,20,16,"1,397",15.5,1.0,0.0,1.0,0.0,0.0,1.0,0.0,0.06,0.0,0.06,0.06,0.06,0.1,0.1,0.8,0.9,0.01,0.05,0.06,0.01,0.06
Angelo Ogbonna,West Ham United,ITA,DF,33.0,11,11,921,10.2,1.0,0.0,1.0,0.0,0.0,1.0,0.0,0.1,0.0,0.1,0.1,0.1,0.3,0.3,0.0,0.3,0.03,0.0,0.03,0.03,0.03
Issa Diop,West Ham United,FRA,DF,24.0,13,10,963,10.7,0.0,1.0,0.0,0.0,0.0,0.0,0.0,0.0,0.09,0.09,0.0,0.09,0.1,0.1,0.1,0.3,0.01,0.01,0.02,0.01,0.02
Arthur Masuaku,West Ham United,COD,"DF,FW",27.0,13,6,650,7.2,1.0,1.0,1.0,0.0,0.0,1.0,0.0,0.14,0.14,0.28,0.14,0.28,0.1,0.1,0.9,1.0,0.01,0.12,0.14,0.01,0.14
Nikola Vlaši?,West Ham United,CRO,"FW,MF",23.0,19,6,560,6.2,1.0,0.0,1.0,0.0,0.0,0.0,0.0,0.16,0.0,0.16,0.16,0.16,1.0,1.0,0.4,1.4,0.16,0.07,0.23,0.16,0.23
Mark Noble,West Ham United,ENG,MF,34.0,11,3,332,3.7,1.0,0.0,0.0,1.0,2.0,0.0,0.0,0.27,0.0,0.27,0.0,0.0,1.5,0.0,0.2,0.2,0.41,0.06,0.47,0.0,0.06
Ryan Fredericks,West Ham United,ENG,DF,28.0,7,3,307,3.4,0.0,0.0,0.0,0.0,0.0,1.0,0.0,0.0,0.0,0.0,0.0,0.0,0.0,0.0,0.1,0.1,0.0,0.03,0.03,0.0,0.03
Andriy Yarmolenko,West Ham United,UKR,FW,31.0,19,1,316,3.5,1.0,0.0,1.0,0.0,0.0,1.0,0.0,0.28,0.0,0.28,0.28,0.28,0.8,0.8,0.2,1.0,0.24,0.05,0.29,0.24,0.29
Alphonse Areola,West Ham United,FRA,GK,28.0,1,1,90,1.0,0.0,0.0,0.0,0.0,0.0,0.0,0.0,0.0,0.0,0.0,0.0,0.0,0.0,0.0,0.0,0.0,0.0,0.0,0.0,0.0,0.0
Harrison Ashby,West Ham United,SCO,DF,19.0,1,0,7,0.1,0.0,0.0,0.0,0.0,0.0,0.0,0.0,0.0,0.0,0.0,0.0,0.0,0.0,0.0,0.0,0.0,0.0,0.0,0.0,0.0,0.0
Sonny Perkins,West Ham United,ENG,FW,17.0,1,0,4,0.0,0.0,0.0,0.0,0.0,0.0,0.0,0.0,0.0,0.0,0.0,0.0,0.0,0.0,0.0,0.0,0.0,0.0,0.0,0.0,0.0,0.0
Daniel Chesters,West Ham United,ENG,MF,19.0,1,0,1,0.0,0.0,0.0,0.0,0.0,0.0,0.0,0.0,0.0,0.0,0.0,0.0,0.0,0.0,0.0,0.0,0.0,0.0,0.0,0.0,0.0,0.0
Alex Král,West Ham United,CZE,MF,23.0,1,0,1,0.0,0.0,0.0,0.0,0.0,0.0,0.0,0.0,0.0,0.0,0.0,0.0,0.0,0.0,0.0,0.0,0.0,0.0,0.0,0.0,0.0,0.0
Conor Coady,Wolverhampton Wanderers,ENG,DF,28.0,38,38,"3,361",37.3,4.0,0.0,4.0,0.0,0.0,4.0,0.0,0.11,0.0,0.11,0.11,0.11,2.0,2.0,0.0,2.0,0.05,0.0,0.05,0.05,0.05
José Sá,Wolverhampton Wanderers,POR,GK,28.0,37,37,"3,285",36.5,0.0,1.0,0.0,0.0,0.0,3.0,0.0,0.0,0.03,0.03,0.0,0.03,0.0,0.0,1.0,1.0,0.0,0.03,0.03,0.0,0.03
João Moutinho,Wolverhampton Wanderers,POR,MF,34.0,35,34,"2,970",33.0,2.0,1.0,2.0,0.0,0.0,4.0,0.0,0.06,0.03,0.09,0.06,0.09,1.0,1.0,2.4,3.5,0.03,0.07,0.11,0.03,0.11
Romain Saïss,Wolverhampton Wanderers,MAR,DF,31.0,31,31,"2,705",30.1,2.0,0.0,2.0,0.0,0.0,6.0,0.0,0.07,0.0,0.07,0.07,0.07,2.7,2.7,0.4,3.1,0.09,0.01,0.1,0.09,0.1
Rúben Neves,Wolverhampton Wanderers,POR,MF,24.0,33,31,"2,661",29.6,4.0,2.0,4.0,0.0,0.0,9.0,0.0,0.14,0.07,0.2,0.14,0.2,1.2,1.2,2.2,3.4,0.04,0.07,0.12,0.04,0.12
Max Kilman,Wolverhampton Wanderers,ENG,DF,24.0,30,30,"2,687",29.9,1.0,0.0,1.0,0.0,0.0,3.0,0.0,0.03,0.0,0.03,0.03,0.03,1.0,1.0,0.0,1.0,0.03,0.0,0.03,0.03,0.03
Raúl Jiménez,Wolverhampton Wanderers,MEX,FW,30.0,34,30,"2,631",29.2,6.0,4.0,5.0,1.0,1.0,9.0,2.0,0.21,0.14,0.34,0.17,0.31,6.6,6.1,2.7,8.7,0.23,0.09,0.32,0.21,0.3
Nélson Semedo,Wolverhampton Wanderers,POR,DF,27.0,25,25,"2,131",23.7,0.0,1.0,0.0,0.0,0.0,1.0,0.0,0.0,0.04,0.04,0.0,0.04,1.4,1.4,1.2,2.6,0.06,0.05,0.11,0.06,0.11
Leander Dendoncker,Wolverhampton Wanderers,BEL,MF,26.0,30,21,"1,950",21.7,2.0,2.0,2.0,0.0,0.0,4.0,0.0,0.09,0.09,0.18,0.09,0.18,2.6,2.6,0.9,3.5,0.12,0.04,0.16,0.12,0.16
Rayan Aït Nouri,Wolverhampton Wanderers,FRA,DF,20.0,23,20,"1,828",20.3,1.0,2.0,1.0,0.0,0.0,4.0,0.0,0.05,0.1,0.15,0.05,0.15,0.7,0.7,1.3,2.1,0.04,0.07,0.1,0.04,0.1
Hwang Hee-chan,Wolverhampton Wanderers,KOR,"FW,MF",25.0,30,20,"1,816",20.2,5.0,1.0,5.0,0.0,0.0,2.0,0.0,0.25,0.05,0.3,0.25,0.3,4.0,4.0,1.7,5.7,0.2,0.08,0.28,0.2,0.28
Fernando Marçal,Wolverhampton Wanderers,BRA,DF,32.0,18,17,"1,449",16.1,0.0,0.0,0.0,0.0,0.0,3.0,0.0,0.0,0.0,0.0,0.0,0.0,0.5,0.5,0.7,1.2,0.03,0.04,0.08,0.03,0.08
Francisco Trincão,Wolverhampton Wanderers,POR,"FW,MF",21.0,28,16,"1,336",14.8,2.0,1.0,2.0,0.0,0.0,0.0,0.0,0.13,0.07,0.2,0.13,0.2,3.4,3.4,1.2,4.6,0.23,0.08,0.31,0.23,0.31
Daniel Podence,Wolverhampton Wanderers,POR,"FW,MF",25.0,26,15,"1,484",16.5,2.0,3.0,2.0,0.0,0.0,2.0,0.0,0.12,0.18,0.3,0.12,0.3,1.9,1.9,3.8,5.8,0.12,0.23,0.35,0.12,0.35
Adama Traoré,Wolverhampton Wanderers,ESP,FW,25.0,20,10,"1,067",11.9,1.0,0.0,1.0,0.0,0.0,0.0,0.0,0.08,0.0,0.08,0.08,0.08,2.4,2.4,1.7,4.1,0.2,0.15,0.35,0.2,0.35
Jonny Castro,Wolverhampton Wanderers,ESP,DF,27.0,13,10,"1,024",11.4,2.0,0.0,2.0,0.0,0.0,1.0,0.0,0.18,0.0,0.18,0.18,0.18,0.8,0.8,1.2,2.0,0.07,0.1,0.17,0.07,0.17
Willy Boly,Wolverhampton Wanderers,CIV,DF,30.0,10,10,900,10.0,0.0,0.0,0.0,0.0,0.0,1.0,0.0,0.0,0.0,0.0,0.0,0.0,0.2,0.2,0.1,0.3,0.02,0.01,0.03,0.02,0.03
Fábio Silva,Wolverhampton Wanderers,POR,FW,19.0,22,6,572,6.4,0.0,0.0,0.0,0.0,0.0,0.0,0.0,0.0,0.0,0.0,0.0,0.0,2.3,2.3,0.2,2.4,0.36,0.02,0.38,0.36,0.38
Pedro Neto,Wolverhampton Wanderers,POR,"FW,MF",21.0,13,5,466,5.2,1.0,1.0,1.0,0.0,0.0,3.0,0.0,0.19,0.19,0.39,0.19,0.39,1.5,1.5,1.1,2.6,0.29,0.22,0.51,0.29,0.51
Toti Gomes,Wolverhampton Wanderers,POR,DF,22.0,4,4,360,4.0,0.0,0.0,0.0,0.0,0.0,1.0,0.0,0.0,0.0,0.0,0.0,0.0,0.1,0.1,0.0,0.1,0.01,0.0,0.01,0.01,0.01
Ki-Jana Hoever,Wolverhampton Wanderers,NED,DF,19.0,8,4,308,3.4,0.0,0.0,0.0,0.0,0.0,1.0,0.0,0.0,0.0,0.0,0.0,0.0,0.0,0.0,0.0,0.1,0.01,0.01,0.02,0.01,0.02
Luke Cundle,Wolverhampton Wanderers,ENG,MF,19.0,4,2,180,2.0,0.0,0.0,0.0,0.0,0.0,0.0,0.0,0.0,0.0,0.0,0.0,0.0,0.0,0.0,0.2,0.2,0.0,0.12,0.12,0.0,0.12
Chiquinho,Wolverhampton Wanderers,POR,"DF,MF",21.0,8,1,208,2.3,0.0,3.0,0.0,0.0,0.0,0.0,0.0,0.0,1.3,1.3,0.0,1.3,0.3,0.3,0.6,0.9,0.13,0.27,0.41,0.13,0.41
John Ruddy,Wolverhampton Wanderers,ENG,GK,34.0,2,1,135,1.5,0.0,0.0,0.0,0.0,0.0,0.0,0.0,0.0,0.0,0.0,0.0,0.0,0.0,0.0,0.0,0.0,0.0,0.0,0.0,0.0,0.0
Chem Campbell,Wolverhampton Wanderers,WAL,MF,18.0,1,0,13,0.1,0.0,0.0,0.0,0.0,0.0,0.0,0.0,0.0,0.0,0.0,0.0,0.0,0.0,0.0,0.0,0.0,0.0,0.0,0.0,0.0,0.0
Morgan Gibbs-White,Wolverhampton Wanderers,ENG,"FW,MF",21.0,2,0,9,0.1,0.0,0.0,0.0,0.0,0.0,1.0,0.0,0.0,0.0,0.0,0.0,0.0,0.1,0.1,0.0,0.1,1.22,0.0,1.22,1.22,1.22
